1.071950000000000003e+01,9.802880000000000482e-01,5.943439999999999834e+00,4.776030000000000442e+00,7.861159999999999926e+00,9.815540000000000376e-01,3.670630000000000059e+00,4.190529999999999866e+00,8.111129999999999285e+00,9.641009999999999858e-01,1.082230000000000025e+00,7.028900000000000148e+00,7.125880000000000436e+00,9.751800000000000468e-01,2.296050000000000146e+00,4.829830000000000290e+00,1.231380000000000052e+01,9.790959999999999663e-01,4.319569999999999688e+00,7.994279999999999831e+00,1.377909999999999968e+01,9.731579999999999675e-01,5.814770000000000216e+00,7.964360000000000106e+00
8.410560000000000258e+00,9.947070000000000078e-01,4.464419999999999611e+00,3.946140000000000203e+00,4.598559999999999981e+00,9.933530000000000415e-01,1.674560000000000048e+00,2.923999999999999932e+00,8.744999999999999218e+00,9.673209999999999864e-01,8.044970000000000176e-01,7.940500000000000114e+00,4.453929999999999723e+00,9.935990000000000100e-01,9.905559999999999921e-01,3.463369999999999838e+00,7.263939999999999841e+00,9.936530000000000085e-01,2.595029999999999948e+00,4.668919999999999959e+00,1.052250000000000085e+01,9.927380000000000093e-01,4.221059999999999590e+00,6.301479999999999748e+00
1.362519999999999953e+01,9.959130000000000482e-01,6.044369999999999798e+00,7.580849999999999866e+00,4.413949999999999818e+00,9.952800000000000535e-01,1.829669999999999908e+00,2.584280000000000133e+00,6.595119999999999649e+00,9.760429999999999939e-01,6.068630000000000413e-01,5.988260000000000360e+00,5.599020000000000330e+00,9.938789999999999569e-01,1.768990000000000062e+00,3.830029999999999824e+00,5.614799999999999791e+00,9.943300000000000471e-01,1.763749999999999929e+00,3.851049999999999862e+00,2.746840000000000170e+00,9.564449999999999896e-01,1.261069999999999913e+00,1.485770000000000035e+00
6.961850000000000094e+00,9.838820000000000343e-01,3.747679999999999900e+00,3.214170000000000194e+00,4.761219999999999786e+00,9.827399999999999469e-01,2.109980000000000189e+00,2.651240000000000041e+00,1.008109999999999928e+01,9.789889999999999981e-01,1.987579999999999902e+00,8.093489999999999185e+00,6.160339999999999705e+00,9.777329999999999632e-01,1.920800000000000063e+00,4.239539999999999864e+00,5.934750000000000192e+00,9.971529999999999561e-01,1.526329999999999965e+00,4.408409999999999940e+00,7.179630000000000400e+00,9.807160000000000322e-01,2.855999999999999872e+00,4.323629999999999640e+00
9.034959999999999880e+00,9.857740000000000391e-01,5.073100000000000165e+00,3.961860000000000159e+00,8.490449999999999164e+00,9.851010000000000044e-01,3.759630000000000027e+00,4.730819999999999581e+00,7.538520000000000110e+00,9.691020000000000190e-01,1.165580000000000060e+00,6.372939999999999827e+00,8.441459999999999297e+00,9.797860000000000458e-01,2.607979999999999965e+00,5.833470000000000155e+00,1.222560000000000002e+01,9.863410000000000233e-01,4.393979999999999997e+00,7.831579999999999764e+00,1.558649999999999913e+01,9.676470000000000349e-01,5.043529999999999625e+00,1.054299999999999926e+01
1.321380000000000088e+01,9.926199999999999468e-01,7.827149999999999608e+00,5.386639999999999873e+00,7.967649999999999899e+00,9.926430000000000531e-01,3.519099999999999895e+00,4.448559999999999626e+00,6.523039999999999949e+00,8.213920000000000110e-01,7.799610000000000154e-01,5.743079999999999963e+00,7.280090000000000394e+00,9.912379999999999525e-01,2.070850000000000080e+00,5.209229999999999805e+00,1.695520000000000138e+01,9.640900000000000025e-01,2.848520000000000163e+00,1.410670000000000002e+01,1.110130000000000017e+01,8.062599999999999767e-01,3.947000000000000064e+00,7.154279999999999973e+00
6.527779999999999916e+00,9.830109999999999681e-01,3.364189999999999792e+00,3.163590000000000124e+00,6.062450000000000117e+00,9.822300000000000475e-01,2.658830000000000027e+00,3.403620000000000090e+00,6.560089999999999755e+00,9.113219999999999654e-01,1.045860000000000012e+00,5.514230000000000409e+00,6.707729999999999748e+00,9.539210000000000189e-01,1.328969999999999985e+00,5.378759999999999764e+00,1.074559999999999960e+01,9.854039999999999466e-01,3.970880000000000187e+00,6.774680000000000035e+00,1.012410000000000032e+01,9.788320000000000354e-01,3.506380000000000052e+00,6.617770000000000152e+00
8.300449999999999662e+00,9.910799999999999610e-01,4.806110000000000326e+00,3.494330000000000158e+00,8.768380000000000507e+00,9.904249999999999998e-01,4.068190000000000417e+00,4.700190000000000090e+00,7.644599999999999618e+00,8.053320000000000478e-01,5.947130000000000472e-01,7.049890000000000434e+00,8.235229999999999606e+00,9.887139999999999818e-01,2.104999999999999982e+00,6.130230000000000068e+00,9.969049999999999301e+00,9.888540000000000108e-01,3.067060000000000120e+00,6.901989999999999625e+00,3.909079999999999888e+00,9.812779999999999836e-01,1.157999999999999918e+00,2.751069999999999904e+00
1.774159999999999826e+01,9.942229999999999679e-01,1.070730000000000004e+01,7.034229999999999983e+00,5.072160000000000224e+00,9.917010000000000547e-01,1.885880000000000001e+00,3.186280000000000001e+00,1.029180000000000028e+01,8.766030000000000211e-01,7.533109999999999529e-01,9.538460000000000605e+00,7.565949999999999953e+00,9.909400000000000430e-01,2.346150000000000180e+00,5.219800000000000217e+00,1.805460000000000065e+01,9.625839999999999952e-01,4.274770000000000181e+00,1.377989999999999959e+01,1.235609999999999964e+01,9.847529999999999895e-01,4.044500000000000206e+00,8.311550000000000438e+00
1.167070000000000007e+01,9.876989999999999936e-01,6.237800000000000011e+00,5.432920000000000194e+00,3.416240000000000165e+00,9.603709999999999747e-01,1.139499999999999957e+00,2.276740000000000208e+00,6.374380000000000379e+00,9.517379999999999729e-01,1.165689999999999893e+00,5.208689999999999820e+00,8.478180000000000049e+00,9.805230000000000334e-01,2.965650000000000119e+00,5.512529999999999930e+00,5.201529999999999987e+00,9.797150000000000025e-01,1.471149999999999958e+00,3.730379999999999807e+00,1.262429999999999986e+01,9.787660000000000249e-01,5.115929999999999644e+00,7.508390000000000342e+00
7.913050000000000139e+00,9.951889999999999903e-01,4.389969999999999928e+00,3.523070000000000146e+00,6.365140000000000242e+00,9.946040000000000436e-01,2.846350000000000158e+00,3.518800000000000150e+00,9.491139999999999688e+00,9.680800000000000516e-01,6.431249999999999467e-01,8.848010000000000375e+00,5.256300000000000416e+00,9.942459999999999631e-01,1.699869999999999992e+00,3.556439999999999824e+00,4.339959999999999596e+00,9.942710000000000159e-01,1.515810000000000102e+00,2.824149999999999938e+00,6.078350000000000364e+00,9.897669999999999524e-01,1.783740000000000103e+00,4.294599999999999973e+00
5.287370000000000125e+00,9.737219999999999764e-01,2.510720000000000063e+00,2.776650000000000063e+00,5.898060000000000080e+00,9.818080000000000140e-01,2.557380000000000209e+00,3.340669999999999806e+00,7.743999999999999773e+00,9.735239999999999450e-01,1.419759999999999911e+00,6.324239999999999640e+00,6.404790000000000205e+00,9.832020000000000204e-01,1.973130000000000051e+00,4.431659999999999933e+00,1.375089999999999968e+01,9.841320000000000068e-01,4.245650000000000368e+00,9.505229999999999180e+00,1.266179999999999950e+01,9.809780000000000166e-01,4.424800000000000288e+00,8.237040000000000362e+00
6.830639999999999823e+00,9.804709999999999814e-01,3.364009999999999945e+00,3.466639999999999944e+00,7.083070000000000199e+00,9.833309999999999551e-01,3.242560000000000109e+00,3.840510000000000090e+00,1.069780000000000086e+01,9.730349999999999833e-01,1.246240000000000014e+00,9.451520000000000366e+00,1.318360000000000021e+01,9.813939999999999886e-01,5.029799999999999827e+00,8.153750000000000497e+00,7.598180000000000156e+00,9.802140000000000297e-01,2.159619999999999873e+00,5.438559999999999839e+00,3.969240000000000101e+00,9.647139999999999604e-01,1.329150000000000054e+00,2.640089999999999826e+00
9.522640000000000882e+00,9.955049999999999732e-01,5.633899999999999686e+00,3.888739999999999863e+00,6.750880000000000436e+00,9.914420000000000455e-01,2.875469999999999970e+00,3.875410000000000021e+00,4.018200000000000216e+00,8.360039999999999694e-01,4.745460000000000234e-01,3.543660000000000032e+00,5.794889999999999652e+00,9.858350000000000168e-01,1.231319999999999970e+00,4.563570000000000348e+00,8.122709999999999653e+00,9.907120000000000370e-01,2.531810000000000116e+00,5.590900000000000425e+00,1.243820000000000014e+01,9.856160000000000476e-01,4.641259999999999941e+00,7.796960000000000335e+00
1.550740000000000052e+01,9.820790000000000353e-01,8.921020000000000394e+00,6.586339999999999861e+00,6.001710000000000100e+00,9.776240000000000485e-01,2.598710000000000075e+00,3.403000000000000025e+00,7.301750000000000185e+00,9.702319999999999833e-01,9.737000000000000099e-01,6.328050000000000175e+00,7.533310000000000173e+00,9.773140000000000160e-01,2.847910000000000164e+00,4.685389999999999944e+00,6.615669999999999717e+00,9.731400000000000050e-01,2.188699999999999868e+00,4.426969999999999850e+00,7.253840000000000288e+00,9.801060000000000327e-01,1.971419999999999950e+00,5.282420000000000115e+00
6.490840000000000387e+00,9.945389999999999509e-01,3.350039999999999907e+00,3.140800000000000036e+00,4.872440000000000104e+00,9.947899999999999521e-01,2.076979999999999826e+00,2.795450000000000212e+00,7.802880000000000038e+00,9.894960000000000422e-01,5.646309999999999940e-01,7.238249999999999851e+00,7.957790000000000141e+00,9.942919999999999536e-01,3.148519999999999985e+00,4.809269999999999712e+00,5.720579999999999998e+00,9.943969999999999754e-01,1.621790000000000065e+00,4.098790000000000155e+00,7.102059999999999818e+00,9.881799999999999473e-01,2.084750000000000103e+00,5.017310000000000159e+00
8.564420000000000144e+00,9.980240000000000222e-01,4.218639999999999723e+00,4.345780000000000420e+00,6.175080000000000346e+00,9.915629999999999722e-01,2.631559999999999899e+00,3.543530000000000069e+00,7.473189999999999777e+00,9.457370000000000498e-01,9.408720000000000416e-01,6.532320000000000348e+00,5.781369999999999898e+00,9.908649999999999958e-01,1.728239999999999998e+00,4.053130000000000344e+00,7.857579999999999565e+00,9.914250000000000007e-01,2.380469999999999864e+00,5.477100000000000080e+00,3.523769999999999847e+00,5.682530000000000081e-01,1.115969999999999906e+00,2.407799999999999940e+00
9.280720000000000525e+00,9.945220000000000171e-01,4.670440000000000147e+00,4.610269999999999868e+00,6.499419999999999753e+00,9.948439999999999506e-01,1.685179999999999900e+00,4.814239999999999853e+00,8.202120000000000744e+00,9.742169999999999996e-01,6.014380000000000281e-01,7.600679999999999659e+00,7.200199999999999712e+00,9.966159999999999464e-01,1.231649999999999912e+00,5.968549999999999578e+00,2.774140000000000050e+00,9.516109999999999847e-01,7.306599999999999762e-01,2.043480000000000185e+00,4.405450000000000088e+00,7.031119999999999592e-01,2.060540000000000038e+00,2.344910000000000050e+00
8.279510000000000147e+00,9.816580000000000306e-01,4.668770000000000309e+00,3.610739999999999839e+00,6.631789999999999630e+00,9.833210000000000006e-01,3.118669999999999831e+00,3.513119999999999798e+00,8.542920000000000513e+00,9.765679999999999916e-01,1.264070000000000027e+00,7.278839999999999755e+00,9.038610000000000255e+00,9.785840000000000094e-01,2.655660000000000132e+00,6.382950000000000124e+00,7.097749999999999559e+00,9.847409999999999775e-01,2.349590000000000067e+00,4.748160000000000380e+00,6.905770000000000408e+00,9.774639999999999995e-01,2.238539999999999974e+00,4.667220000000000368e+00
1.083089999999999975e+01,9.808909999999999574e-01,6.422740000000000116e+00,4.408159999999999634e+00,1.340740000000000087e+01,9.821309999999999762e-01,6.943200000000000038e+00,6.464209999999999567e+00,1.206830000000000069e+01,9.625719999999999832e-01,1.636090000000000044e+00,1.043219999999999992e+01,4.441740000000000244e+00,9.716900000000000537e-01,1.244450000000000056e+00,3.197290000000000187e+00,7.603710000000000413e+00,9.769060000000000521e-01,2.356469999999999843e+00,5.247239999999999682e+00,5.165849999999999831e+00,9.580260000000000442e-01,1.979530000000000012e+00,3.186319999999999819e+00
6.817569999999999908e+00,9.855650000000000244e-01,3.401699999999999946e+00,3.415869999999999962e+00,6.143799999999999706e+00,9.844979999999999842e-01,2.097119999999999873e+00,4.046680000000000277e+00,9.974880000000000635e+00,9.798519999999999452e-01,1.280129999999999990e+00,8.694750000000000867e+00,4.751240000000000130e+00,9.846169999999999645e-01,1.299619999999999997e+00,3.451620000000000132e+00,1.103819999999999979e+01,9.871330000000000382e-01,4.038549999999999862e+00,6.999620000000000175e+00,6.536649999999999849e+00,9.829080000000000039e-01,2.124530000000000030e+00,4.412119999999999820e+00
8.281040000000000845e+00,9.937869999999999759e-01,4.269230000000000302e+00,4.011809999999999654e+00,5.254229999999999734e+00,9.946570000000000134e-01,2.040739999999999998e+00,3.213490000000000180e+00,7.205300000000000260e+00,9.688849999999999962e-01,4.408900000000000041e-01,6.764409999999999812e+00,4.418989999999999974e+00,9.982929999999999859e-01,1.029770000000000074e+00,3.389219999999999899e+00,5.880359999999999587e+00,9.929970000000000185e-01,1.987630000000000008e+00,3.892739999999999867e+00,9.144050000000000011e+00,9.905479999999999841e-01,3.270830000000000126e+00,5.873219999999999885e+00
9.189130000000000464e+00,9.812419999999999476e-01,5.380749999999999922e+00,3.808380000000000098e+00,5.438279999999999781e+00,9.756190000000000140e-01,2.577970000000000095e+00,2.860310000000000130e+00,6.025680000000000369e+00,9.607240000000000224e-01,1.177179999999999893e+00,4.848499999999999588e+00,4.744480000000000253e+00,9.750069999999999570e-01,1.201780000000000070e+00,3.542699999999999960e+00,4.935959999999999681e+00,9.941990000000000549e-01,1.055420000000000025e+00,3.880529999999999813e+00,7.310220000000000162e+00,9.729659999999999975e-01,2.532570000000000210e+00,4.777639999999999887e+00
4.671050000000000146e+00,9.950719999999999565e-01,2.305610000000000159e+00,2.365439999999999987e+00,2.131390000000000118e+00,9.540410000000000279e-01,1.181040000000000090e+00,9.503509999999999458e-01,5.179649999999999643e+00,8.607829999999999648e-01,5.862760000000000193e-01,4.593370000000000175e+00,4.904480000000000395e+00,9.959379999999999900e-01,1.746390000000000109e+00,3.158090000000000064e+00,5.469909999999999606e+00,9.959930000000000172e-01,1.915620000000000100e+00,3.554289999999999949e+00,6.983660000000000423e+00,9.957300000000000040e-01,3.046920000000000073e+00,3.936739999999999906e+00
9.237109999999999488e+00,9.888240000000000363e-01,5.083990000000000009e+00,4.153120000000000367e+00,8.022449999999999193e+00,9.876329999999999831e-01,3.782020000000000159e+00,4.240429999999999922e+00,6.149230000000000196e+00,9.801039999999999752e-01,7.519460000000000033e-01,5.397280000000000300e+00,9.746829999999999217e+00,9.879219999999999668e-01,3.853740000000000165e+00,5.893089999999999939e+00,9.054859999999999687e+00,9.878270000000000106e-01,3.044430000000000192e+00,6.010430000000000383e+00,8.454050000000000509e+00,9.851220000000000532e-01,3.437619999999999898e+00,5.016429999999999723e+00
8.202159999999999229e+00,9.929289999999999505e-01,3.835850000000000204e+00,4.366310000000000358e+00,7.348849999999999660e+00,9.929759999999999698e-01,3.619450000000000056e+00,3.729400000000000048e+00,9.884919999999999263e+00,9.894779999999999687e-01,8.804790000000000116e-01,9.004440000000000666e+00,6.203219999999999956e+00,9.923650000000000526e-01,2.105869999999999909e+00,4.097339999999999982e+00,4.312669999999999781e+00,9.896530000000000049e-01,1.960309999999999997e+00,2.352360000000000007e+00,5.081550000000000011e+00,9.554200000000000470e-01,2.122700000000000031e+00,2.958849999999999980e+00
8.228469999999999729e+00,9.964629999999999876e-01,5.056040000000000312e+00,3.172429999999999861e+00,3.950200000000000156e+00,9.909599999999999520e-01,1.265630000000000033e+00,2.684569999999999901e+00,4.731270000000000309e+00,7.923559999999999492e-01,6.285610000000000364e-01,4.102710000000000079e+00,8.517390000000000683e+00,9.900379999999999736e-01,2.481660000000000199e+00,6.035730000000000040e+00,1.129599999999999937e+01,9.967930000000000401e-01,2.816570000000000018e+00,8.479480000000000572e+00,4.626750000000000362e+00,9.668010000000000215e-01,1.034210000000000074e+00,3.592540000000000067e+00
1.605049999999999955e+01,9.968320000000000514e-01,9.510239999999999583e+00,6.540239999999999831e+00,2.368059999999999832e+00,8.763859999999999983e-01,1.078799999999999981e+00,1.289260000000000073e+00,1.499590000000000067e+01,9.850700000000000012e-01,1.631119999999999903e+00,1.336480000000000068e+01,5.690179999999999794e+00,9.905810000000000448e-01,1.512869999999999937e+00,4.177310000000000301e+00,1.753950000000000031e+01,9.950849999999999973e-01,6.148349999999999760e+00,1.139119999999999955e+01,4.298790000000000333e+00,7.894930000000000003e-01,1.887539999999999996e+00,2.411249999999999893e+00
7.539930000000000021e+00,9.932590000000000030e-01,4.014649999999999608e+00,3.525279999999999969e+00,6.163389999999999702e+00,9.950489999999999613e-01,2.743329999999999824e+00,3.420049999999999812e+00,7.347419999999999618e+00,9.826259999999999994e-01,7.078280000000000127e-01,6.639590000000000103e+00,9.261240000000000805e+00,9.913870000000000182e-01,3.449460000000000193e+00,5.811779999999999724e+00,7.046599999999999753e+00,9.921750000000000291e-01,2.341860000000000053e+00,4.704740000000000144e+00,8.435539999999999594e+00,9.923260000000000414e-01,2.880809999999999871e+00,5.554730000000000167e+00
8.031700000000000728e+00,9.783950000000000147e-01,4.639179999999999637e+00,3.392520000000000202e+00,1.049329999999999963e+01,9.839419999999999833e-01,4.953920000000000101e+00,5.539430000000000298e+00,5.847500000000000142e+00,9.562049999999999716e-01,6.704309999999999992e-01,5.177069999999999617e+00,5.825380000000000003e+00,9.730699999999999905e-01,1.795469999999999899e+00,4.029910000000000103e+00,6.323229999999999684e+00,9.819459999999999855e-01,2.422860000000000014e+00,3.900370000000000115e+00,4.246470000000000411e+00,9.629469999999999974e-01,1.399960000000000093e+00,2.846499999999999808e+00
9.236029999999999518e+00,9.804669999999999774e-01,5.055920000000000414e+00,4.180109999999999992e+00,8.065699999999999648e+00,9.812279999999999891e-01,3.481749999999999901e+00,4.583949999999999747e+00,1.150469999999999970e+01,9.529800000000000493e-01,1.821530000000000094e+00,9.683160000000000878e+00,6.363909999999999734e+00,9.737500000000000044e-01,2.025560000000000027e+00,4.338350000000000151e+00,5.679380000000000095e+00,9.758409999999999584e-01,1.792540000000000022e+00,3.886849999999999916e+00,7.029110000000000191e+00,9.686489999999999823e-01,2.591600000000000126e+00,4.437509999999999621e+00
6.466129999999999711e+00,1.000000000000000000e+00,3.203860000000000152e+00,3.262270000000000003e+00,6.879290000000000127e+00,9.852429999999999799e-01,1.910930000000000017e+00,4.968350000000000044e+00,5.715499999999999581e+00,9.738470000000000182e-01,1.013239999999999919e+00,4.702259999999999884e+00,5.201089999999999769e+00,9.847059999999999702e-01,1.481090000000000018e+00,3.719990000000000130e+00,8.040839999999999321e+00,9.931950000000000500e-01,2.012360000000000149e+00,6.028480000000000061e+00,1.069960000000000022e+01,9.849339999999999762e-01,5.270380000000000287e+00,5.429199999999999804e+00
1.088150000000000084e+01,9.789309999999999956e-01,6.337100000000000399e+00,4.544430000000000192e+00,1.032629999999999981e+01,9.767900000000000471e-01,5.071220000000000283e+00,5.255090000000000039e+00,6.436600000000000321e+00,9.405189999999999939e-01,7.543469999999999898e-01,5.682249999999999801e+00,4.139850000000000030e+00,9.667750000000000510e-01,1.212239999999999984e+00,2.927599999999999980e+00,5.596280000000000143e+00,9.684890000000000443e-01,1.790990000000000082e+00,3.805289999999999839e+00,1.274569999999999936e+01,9.679510000000000058e-01,6.094780000000000086e+00,6.650949999999999918e+00
7.338420000000000165e+00,9.944079999999999586e-01,3.656330000000000080e+00,3.682100000000000151e+00,6.126890000000000391e+00,9.956530000000000102e-01,3.169799999999999951e+00,2.957089999999999996e+00,5.470390000000000086e+00,9.841630000000000100e-01,6.007810000000000095e-01,4.869609999999999772e+00,3.505949999999999900e+00,9.933779999999999832e-01,1.135440000000000005e+00,2.370509999999999895e+00,5.661780000000000257e+00,9.930649999999999755e-01,1.696080000000000032e+00,3.965700000000000003e+00,5.945599999999999774e+00,9.923170000000000046e-01,2.683260000000000201e+00,3.262340000000000018e+00
4.536870000000000402e+00,9.823979999999999935e-01,2.907360000000000166e+00,1.629510000000000014e+00,7.053989999999999760e+00,9.943800000000000416e-01,3.521819999999999951e+00,3.532169999999999810e+00,1.230489999999999995e+01,7.645189999999999486e-01,4.184039999999999981e-01,1.188649999999999984e+01,7.722949999999999982e+00,9.889440000000000452e-01,2.096569999999999823e+00,5.626380000000000159e+00,8.237800000000000011e+00,8.860339999999999883e-01,2.360339999999999883e+00,5.877449999999999619e+00,6.395410000000000039e+00,9.915540000000000465e-01,1.777509999999999923e+00,4.617899999999999672e+00
8.512159999999999727e+00,9.945479999999999876e-01,5.252659999999999663e+00,3.259500000000000064e+00,6.073140000000000427e+00,9.941759999999999486e-01,3.072259999999999991e+00,3.000879999999999992e+00,4.213420000000000165e+00,8.705019999999999980e-01,5.690669999999999895e-01,3.644359999999999822e+00,3.618920000000000137e+00,9.743540000000000534e-01,8.558660000000000156e-01,2.763049999999999784e+00,4.433530000000000193e+00,7.860439999999999650e-01,1.262820000000000054e+00,3.170710000000000139e+00,5.386709999999999887e+00,9.934359999999999857e-01,1.961880000000000068e+00,3.424830000000000041e+00
9.565559999999999619e+00,9.946519999999999806e-01,5.108950000000000102e+00,4.456610000000000404e+00,4.219359999999999999e+00,9.947219999999999951e-01,1.278310000000000057e+00,2.941050000000000164e+00,9.494510000000000005e+00,9.750140000000000473e-01,5.889280000000000070e-01,8.905580000000000496e+00,5.600120000000000431e+00,9.986019999999999897e-01,1.506369999999999987e+00,4.093750000000000000e+00,6.626509999999999678e+00,9.937300000000000022e-01,2.032739999999999991e+00,4.593770000000000131e+00,7.211299999999999599e+00,9.940510000000000179e-01,2.511849999999999916e+00,4.699449999999999683e+00
8.777749999999999275e+00,9.919869999999999521e-01,5.004059999999999953e+00,3.773690000000000211e+00,5.734350000000000058e+00,9.903229999999999533e-01,2.345299999999999940e+00,3.389050000000000118e+00,6.407259999999999955e+00,8.072120000000000406e-01,6.799790000000000001e-01,5.727280000000000371e+00,4.475399999999999601e+00,9.849529999999999674e-01,9.928320000000000478e-01,3.482569999999999943e+00,1.364010000000000034e+01,9.863619999999999610e-01,3.939309999999999867e+00,9.700810000000000599e+00,9.294460000000000832e+00,7.505600000000000049e-01,4.542419999999999902e+00,4.752030000000000420e+00
8.815979999999999706e+00,9.937080000000000357e-01,4.335869999999999891e+00,4.480109999999999815e+00,5.362890000000000157e+00,9.926719999999999988e-01,1.672160000000000091e+00,3.690719999999999779e+00,9.195619999999999905e+00,9.801360000000000072e-01,5.814120000000000399e-01,8.614209999999999923e+00,5.355039999999999800e+00,9.924859999999999793e-01,1.657820000000000071e+00,3.697220000000000173e+00,5.890600000000000058e+00,9.930539999999999923e-01,1.880069999999999908e+00,4.010530000000000150e+00,7.666409999999999947e+00,9.932309999999999750e-01,3.108309999999999906e+00,4.558099999999999596e+00
1.233210000000000051e+01,9.795709999999999695e-01,7.958560000000000301e+00,4.373569999999999958e+00,8.241509999999999891e+00,9.761760000000000437e-01,3.737400000000000055e+00,4.504109999999999836e+00,6.168790000000000440e+00,9.468529999999999447e-01,9.616230000000000055e-01,5.207169999999999632e+00,6.508309999999999818e+00,9.696329999999999671e-01,1.737219999999999986e+00,4.771090000000000053e+00,1.017440000000000033e+01,9.771440000000000126e-01,3.749989999999999934e+00,6.424450000000000216e+00,7.939949999999999619e+00,9.687069999999999848e-01,2.940339999999999954e+00,4.999609999999999665e+00
8.595019999999999882e+00,9.921750000000000291e-01,4.308259999999999756e+00,4.286749999999999616e+00,7.935679999999999623e+00,9.850470000000000059e-01,1.671599999999999975e+00,6.264079999999999870e+00,6.824349999999999916e+00,9.849790000000000489e-01,7.271750000000000158e-01,6.097170000000000201e+00,5.108089999999999797e+00,9.943729999999999514e-01,1.430099999999999927e+00,3.677989999999999871e+00,5.828660000000000174e+00,9.912469999999999892e-01,2.192309999999999981e+00,3.636350000000000193e+00,5.371620000000000061e+00,9.898609999999999909e-01,1.756459999999999910e+00,3.615169999999999995e+00
5.118210000000000370e+00,9.916709999999999692e-01,2.389380000000000059e+00,2.728819999999999801e+00,6.853139999999999787e+00,9.925629999999999731e-01,3.548919999999999852e+00,3.304219999999999935e+00,6.519300000000000317e+00,9.806420000000000137e-01,6.262539999999999774e-01,5.893049999999999677e+00,4.002819999999999823e+00,9.962109999999999577e-01,8.033240000000000380e-01,3.199489999999999945e+00,4.909550000000000303e+00,9.945279999999999676e-01,1.744450000000000056e+00,3.165099999999999802e+00,7.377909999999999968e+00,9.915589999999999682e-01,3.346649999999999903e+00,4.031270000000000131e+00
5.678149999999999586e+00,9.769280000000000186e-01,2.553100000000000147e+00,3.125039999999999818e+00,8.708510000000000417e+00,9.808499999999999996e-01,3.780569999999999986e+00,4.927940000000000431e+00,1.102289999999999992e+01,9.624580000000000357e-01,1.759290000000000020e+00,9.263650000000000162e+00,6.665860000000000340e+00,9.816610000000000058e-01,2.153070000000000039e+00,4.512789999999999857e+00,3.718830000000000080e+00,9.713220000000000187e-01,1.427899999999999947e+00,2.290929999999999911e+00,5.906150000000000233e+00,9.683220000000000161e-01,1.326160000000000005e+00,4.580000000000000071e+00
9.989499999999999602e+00,9.858000000000000096e-01,5.586890000000000356e+00,4.402610000000000134e+00,5.624830000000000219e+00,9.845589999999999620e-01,2.533970000000000056e+00,3.090869999999999784e+00,5.132109999999999950e+00,9.586059999999999581e-01,7.307869999999999644e-01,4.401320000000000121e+00,2.443610000000000060e+00,9.682359999999999856e-01,7.116289999999999560e-01,1.731980000000000075e+00,8.903740000000000876e+00,9.834249999999999936e-01,3.160680000000000156e+00,5.743059999999999832e+00,5.534760000000000346e+00,9.650809999999999667e-01,1.389289999999999914e+00,4.145470000000000432e+00
1.042159999999999975e+01,9.889780000000000237e-01,5.059840000000000337e+00,5.361729999999999663e+00,7.392559999999999576e+00,9.881510000000000016e-01,3.408770000000000078e+00,3.983800000000000008e+00,1.078870000000000040e+01,9.784080000000000554e-01,1.357969999999999899e+00,9.430709999999999482e+00,7.009870000000000267e+00,9.867390000000000327e-01,2.458140000000000214e+00,4.551730000000000054e+00,4.760430000000000383e+00,9.542819999999999636e-01,6.219630000000000436e-01,4.138469999999999871e+00,7.150380000000000180e+00,9.850229999999999819e-01,2.872009999999999952e+00,4.278369999999999784e+00
9.204629999999999868e+00,9.916310000000000402e-01,5.076010000000000133e+00,4.128619999999999735e+00,6.405000000000000249e+00,9.908369999999999678e-01,2.862319999999999975e+00,3.542679999999999829e+00,1.238649999999999984e+01,9.844429999999999570e-01,1.341299999999999937e+00,1.104519999999999946e+01,5.600909999999999833e+00,9.903060000000000196e-01,2.134170000000000122e+00,3.466740000000000155e+00,5.727330000000000254e+00,9.904600000000000071e-01,1.938050000000000050e+00,3.789280000000000204e+00,6.786039999999999850e+00,3.305330000000000212e-01,4.322420000000000151e+00,2.463630000000000209e+00
1.169749999999999979e+01,9.946260000000000101e-01,6.476329999999999920e+00,5.221210000000000129e+00,6.663750000000000284e+00,9.580579999999999652e-01,1.295009999999999994e+00,5.368739999999999846e+00,7.055640000000000356e+00,9.771710000000000118e-01,6.274929999999999675e-01,6.428149999999999586e+00,5.866590000000000416e+00,9.916129999999999667e-01,1.942590000000000039e+00,3.923999999999999932e+00,1.183830000000000027e+01,9.843349999999999600e-01,3.270150000000000112e+00,8.568110000000000781e+00,1.286989999999999945e+01,9.901750000000000274e-01,4.103900000000000325e+00,8.766019999999999257e+00
1.222439999999999927e+01,9.936169999999999725e-01,7.132869999999999600e+00,5.091540000000000177e+00,4.864639999999999631e+00,9.906099999999999905e-01,2.138729999999999798e+00,2.725909999999999833e+00,5.964120000000000310e+00,9.813690000000000468e-01,5.930760000000000476e-01,5.371039999999999814e+00,4.800279999999999880e+00,9.917420000000000124e-01,1.435629999999999962e+00,3.364650000000000141e+00,3.989430000000000032e+00,9.910569999999999657e-01,1.302310000000000079e+00,2.687120000000000175e+00,1.043360000000000021e+01,9.891090000000000160e-01,5.344249999999999723e+00,5.089389999999999858e+00
1.863729999999999976e+01,9.982020000000000337e-01,1.204659999999999975e+01,6.590770000000000017e+00,4.199679999999999858e+00,9.944359999999999866e-01,1.845140000000000002e+00,2.354540000000000077e+00,9.677970000000000184e+00,8.242340000000000222e-01,5.094079999999999719e-01,9.168559999999999377e+00,6.785549999999999748e+00,9.952950000000000408e-01,1.699610000000000065e+00,5.085950000000000415e+00,1.766280000000000072e+01,9.862549999999999928e-01,4.287759999999999572e+00,1.337509999999999977e+01,7.142019999999999591e+00,9.951870000000000438e-01,2.969860000000000166e+00,4.172150000000000247e+00
6.995180000000000398e+00,9.819269999999999943e-01,3.854919999999999902e+00,3.140249999999999986e+00,6.784189999999999721e+00,8.889460000000000139e-01,2.220689999999999831e+00,4.563500000000000334e+00,4.795440000000000147e+00,9.718179999999999596e-01,8.752760000000000540e-01,3.920170000000000154e+00,9.454800000000000537e+00,9.856279999999999486e-01,3.530240000000000045e+00,5.924559999999999604e+00,6.717439999999999856e+00,9.854910000000000059e-01,2.252330000000000165e+00,4.465110000000000134e+00,9.516590000000000771e+00,9.827879999999999949e-01,4.668879999999999697e+00,4.847710000000000186e+00
1.629660000000000153e+01,9.936770000000000325e-01,9.942019999999999413e+00,6.354599999999999582e+00,5.931899999999999729e+00,9.904030000000000333e-01,2.542889999999999873e+00,3.389019999999999921e+00,1.095320000000000071e+01,9.199070000000000302e-01,9.651650000000000507e-01,9.988030000000000186e+00,5.743380000000000152e+00,9.888679999999999692e-01,1.694229999999999903e+00,4.049150000000000027e+00,1.233789999999999942e+01,9.910470000000000113e-01,5.575859999999999594e+00,6.762059999999999960e+00,7.322049999999999947e+00,9.892339999999999467e-01,2.960719999999999796e+00,4.361340000000000217e+00
1.082140000000000057e+01,9.805139999999999967e-01,6.333300000000000374e+00,4.488120000000000331e+00,7.929909999999999570e+00,9.784749999999999837e-01,3.550609999999999822e+00,4.379299999999999748e+00,8.675409999999999400e+00,9.534249999999999670e-01,1.683740000000000014e+00,6.991670000000000051e+00,6.971659999999999968e+00,9.775949999999999918e-01,2.081469999999999931e+00,4.890189999999999593e+00,7.757069999999999688e+00,9.801400000000000112e-01,2.757899999999999796e+00,4.999170000000000336e+00,1.342060000000000031e+01,9.757280000000000397e-01,6.518650000000000055e+00,6.901959999999999873e+00
6.443109999999999893e+00,9.962050000000000072e-01,3.757960000000000189e+00,2.685140000000000082e+00,4.996999999999999886e+00,9.939810000000000034e-01,1.809749999999999970e+00,3.187260000000000204e+00,6.615039999999999587e+00,8.374099999999999877e-01,3.431469999999999798e-01,6.271889999999999965e+00,4.047080000000000233e+00,9.951849999999999863e-01,1.272540000000000004e+00,2.774529999999999941e+00,1.203100000000000058e+01,9.941010000000000124e-01,4.214480000000000004e+00,7.816550000000000331e+00,4.626820000000000377e+00,9.937840000000000007e-01,1.472869999999999902e+00,3.153950000000000031e+00
9.380639999999999645e+00,9.903629999999999933e-01,5.490479999999999805e+00,3.890159999999999840e+00,5.533299999999999663e+00,9.763119999999999576e-01,1.769630000000000036e+00,3.763679999999999914e+00,9.917149999999999466e+00,9.737700000000000244e-01,1.236299999999999955e+00,8.680839999999999890e+00,5.243190000000000239e+00,9.872760000000000424e-01,1.586079999999999934e+00,3.657109999999999861e+00,7.720550000000000246e+00,9.886749999999999705e-01,2.770290000000000141e+00,4.950260000000000105e+00,5.511389999999999567e+00,9.868479999999999475e-01,1.617280000000000051e+00,3.894099999999999895e+00
8.327600000000000335e+00,9.852400000000000047e-01,4.635460000000000136e+00,3.692140000000000200e+00,5.428169999999999717e+00,9.849139999999999562e-01,2.375950000000000006e+00,3.052220000000000155e+00,1.007680000000000042e+01,9.618649999999999700e-01,1.656509999999999927e+00,8.420320000000000249e+00,4.645660000000000345e+00,9.970959999999999823e-01,8.699299999999999811e-01,3.775729999999999809e+00,8.850699999999999790e+00,9.833589999999999831e-01,3.357310000000000016e+00,5.493389999999999773e+00,3.509419999999999984e+00,9.351810000000000400e-01,1.221070000000000100e+00,2.288349999999999884e+00
8.128119999999999123e+00,9.829369999999999497e-01,4.688659999999999606e+00,3.439459999999999962e+00,6.082699999999999996e+00,9.799980000000000357e-01,2.631580000000000030e+00,3.451119999999999965e+00,9.220929999999999183e+00,9.681419999999999471e-01,1.778270000000000017e+00,7.442660000000000053e+00,9.675700000000000855e+00,9.794779999999999598e-01,3.634389999999999787e+00,6.041310000000000180e+00,7.029309999999999725e+00,9.815190000000000303e-01,2.130619999999999958e+00,4.898690000000000211e+00,6.183559999999999945e+00,9.698959999999999804e-01,1.895119999999999916e+00,4.288429999999999964e+00
9.598480000000000345e+00,9.857930000000000303e-01,5.472999999999999865e+00,4.125479999999999592e+00,5.438170000000000393e+00,9.824519999999999920e-01,2.354290000000000216e+00,3.083880000000000177e+00,6.119139999999999802e+00,9.697360000000000424e-01,1.065490000000000048e+00,5.053650000000000198e+00,3.715329999999999799e+00,9.808799999999999741e-01,1.276420000000000110e+00,2.438919999999999977e+00,8.333840000000000359e+00,9.852290000000000214e-01,2.630749999999999922e+00,5.703090000000000437e+00,1.194660000000000011e+01,9.787529999999999841e-01,4.088969999999999771e+00,7.857630000000000337e+00
5.760779999999999568e+00,9.921830000000000371e-01,2.991029999999999855e+00,2.769750000000000156e+00,8.786509999999999820e+00,9.899480000000000501e-01,1.444059999999999899e+00,7.342439999999999856e+00,5.982940000000000147e+00,9.816289999999999738e-01,5.734810000000000185e-01,5.409460000000000157e+00,4.936709999999999710e+00,9.921860000000000124e-01,1.708420000000000050e+00,3.228299999999999947e+00,3.638650000000000162e+00,9.941280000000000117e-01,7.759800000000000031e-01,2.862670000000000048e+00,1.293319999999999936e+01,9.906779999999999475e-01,6.573479999999999990e+00,6.359740000000000393e+00
6.921940000000000204e+00,9.928409999999999735e-01,3.413889999999999869e+00,3.508049999999999891e+00,6.688530000000000086e+00,9.943269999999999609e-01,1.773099999999999898e+00,4.915440000000000254e+00,8.523519999999999541e+00,9.815779999999999506e-01,6.622869999999999591e-01,7.861239999999999561e+00,1.280330000000000013e+01,9.025769999999999627e-01,5.828830000000000400e-01,1.222039999999999971e+01,6.359440000000000204e+00,9.928160000000000318e-01,2.033160000000000078e+00,4.326270000000000060e+00,9.736610000000000653e+00,9.929230000000000000e-01,4.366799999999999571e+00,5.369799999999999685e+00
7.521799999999999820e+00,9.828519999999999479e-01,3.810569999999999791e+00,3.711219999999999963e+00,5.990070000000000228e+00,9.816559999999999730e-01,2.633599999999999941e+00,3.356469999999999843e+00,1.035420000000000051e+01,9.641790000000000083e-01,1.769509999999999916e+00,8.584649999999999892e+00,8.342930000000000845e+00,9.812429999999999763e-01,2.984480000000000022e+00,5.358450000000000379e+00,5.355800000000000338e+00,9.870550000000000157e-01,1.862270000000000092e+00,3.493529999999999802e+00,1.268629999999999924e+01,9.788559999999999484e-01,5.693859999999999921e+00,6.992440000000000211e+00
5.769000000000000128e+00,9.903340000000000476e-01,2.912310000000000176e+00,2.856700000000000017e+00,7.058849999999999625e+00,9.908879999999999910e-01,3.362579999999999902e+00,3.696260000000000101e+00,1.241900000000000048e+01,9.811410000000000409e-01,1.378020000000000023e+00,1.104100000000000037e+01,5.799179999999999779e+00,9.889879999999999782e-01,2.034009999999999874e+00,3.765169999999999906e+00,5.795370000000000132e+00,9.909850000000000048e-01,1.682690000000000019e+00,4.112680000000000113e+00,4.042469999999999786e+00,8.621649999999999592e-01,1.401319999999999899e+00,2.641150000000000109e+00
1.308520000000000039e+01,9.872859999999999969e-01,7.475509999999999877e+00,5.609650000000000247e+00,7.552679999999999616e+00,9.856570000000000054e-01,3.799900000000000055e+00,3.752790000000000070e+00,8.411360000000000170e+00,9.793979999999999908e-01,8.282410000000000050e-01,7.583120000000000083e+00,7.663330000000000197e+00,9.838599999999999568e-01,2.902930000000000010e+00,4.760399999999999743e+00,4.116889999999999716e+00,9.749900000000000233e-01,1.015249999999999986e+00,3.101640000000000175e+00,6.068710000000000271e+00,9.814329999999999998e-01,2.265950000000000131e+00,3.802760000000000140e+00
9.324099999999999611e+00,9.954039999999999555e-01,5.146250000000000213e+00,4.177850000000000286e+00,4.067960000000000242e+00,9.943750000000000089e-01,1.939289999999999958e+00,2.128670000000000062e+00,6.995529999999999582e+00,8.259480000000000155e-01,2.995610000000000217e-01,6.695969999999999978e+00,5.931210000000000093e+00,9.865690000000000293e-01,1.335990000000000011e+00,4.595220000000000304e+00,3.974959999999999827e+00,8.400790000000000202e-01,1.174700000000000077e+00,2.800260000000000193e+00,3.317110000000000003e+00,8.268159999999999954e-01,1.159520000000000106e+00,2.157579999999999831e+00
5.341440000000000410e+00,9.942569999999999464e-01,2.801480000000000192e+00,2.539960000000000218e+00,2.911090000000000177e+00,9.697909999999999586e-01,1.101969999999999894e+00,1.809120000000000061e+00,8.181499999999999773e+00,9.848200000000000287e-01,5.768879999999999564e-01,7.604610000000000092e+00,4.230019999999999669e+00,9.921189999999999731e-01,1.076589999999999936e+00,3.153439999999999799e+00,6.014389999999999681e+00,9.889320000000000332e-01,1.435119999999999951e+00,4.579279999999999795e+00,5.790790000000000326e+00,9.906279999999999530e-01,1.735729999999999995e+00,4.055049999999999599e+00
1.308799999999999919e+01,9.939559999999999507e-01,7.548460000000000392e+00,5.539509999999999934e+00,6.434739999999999682e+00,9.924819999999999753e-01,2.842239999999999878e+00,3.592499999999999805e+00,4.483030000000000292e+00,8.619959999999999845e-01,4.517300000000000204e-01,4.031299999999999883e+00,7.608520000000000394e+00,9.911309999999999842e-01,2.321480000000000210e+00,5.287040000000000184e+00,6.746249999999999858e+00,9.948139999999999761e-01,2.003010000000000179e+00,4.743249999999999744e+00,6.633049999999999891e+00,9.865390000000000548e-01,2.361359999999999904e+00,4.271690000000000431e+00
1.511330000000000062e+01,9.949839999999999796e-01,8.698270000000000834e+00,6.415009999999999657e+00,8.218080000000000496e+00,9.908909999999999663e-01,3.810880000000000045e+00,4.407210000000000072e+00,9.179240000000000066e+00,9.447109999999999674e-01,6.730439999999999756e-01,8.506199999999999761e+00,4.926770000000000316e+00,9.881090000000000151e-01,1.530180000000000096e+00,3.396590000000000220e+00,8.766360000000000596e+00,9.878839999999999844e-01,3.798470000000000013e+00,4.967889999999999695e+00,1.371790000000000020e+01,9.885249999999999870e-01,6.432940000000000325e+00,7.285000000000000142e+00
1.125479999999999947e+01,9.850050000000000194e-01,6.037279999999999980e+00,5.217539999999999623e+00,5.944659999999999833e+00,9.838639999999999608e-01,2.111940000000000150e+00,3.832730000000000192e+00,1.947470000000000034e+00,8.224909999999999721e-01,3.448240000000000194e-01,1.602649999999999908e+00,4.890030000000000321e+00,9.771779999999999911e-01,1.384649999999999936e+00,3.505370000000000097e+00,4.683629999999999960e+00,9.770440000000000236e-01,1.466560000000000086e+00,3.217070000000000096e+00,4.289419999999999789e+00,9.664179999999999993e-01,1.212639999999999940e+00,3.076779999999999848e+00
7.278209999999999624e+00,9.861980000000000190e-01,3.833369999999999944e+00,3.444840000000000124e+00,8.064659999999999940e+00,9.846690000000000165e-01,3.714259999999999895e+00,4.350399999999999601e+00,7.432400000000000340e+00,9.735270000000000312e-01,9.594460000000000210e-01,6.472959999999999603e+00,8.036250000000000782e+00,9.841320000000000068e-01,2.534050000000000136e+00,5.502200000000000202e+00,8.659610000000000696e+00,9.859449999999999603e-01,2.845239999999999991e+00,5.814370000000000260e+00,3.551730000000000054e+00,9.556179999999999675e-01,1.106409999999999894e+00,2.445320000000000160e+00
1.619310000000000116e+01,9.794709999999999805e-01,9.848140000000000782e+00,6.344920000000000115e+00,7.309230000000000338e+00,9.783169999999999922e-01,3.020709999999999784e+00,4.288520000000000110e+00,9.130890000000000839e+00,9.640950000000000353e-01,1.402230000000000087e+00,7.728659999999999641e+00,8.878619999999999735e+00,9.702730000000000521e-01,2.926909999999999901e+00,5.951710000000000278e+00,4.855800000000000338e+00,9.825760000000000050e-01,1.283730000000000038e+00,3.572070000000000078e+00,7.427389999999999937e+00,9.394179999999999753e-01,2.866859999999999964e+00,4.560539999999999594e+00
1.678890000000000171e+01,9.945969999999999533e-01,1.011239999999999917e+01,6.676529999999999632e+00,1.469609999999999950e+01,9.928000000000000158e-01,8.132820000000000604e+00,6.563320000000000043e+00,7.429369999999999585e+00,9.339349999999999596e-01,5.846249999999999503e-01,6.844750000000000334e+00,6.309689999999999799e+00,9.856409999999999894e-01,1.391950000000000021e+00,4.917740000000000222e+00,1.064520000000000088e+01,9.861950000000000438e-01,2.417850000000000055e+00,8.227389999999999759e+00,6.609589999999999854e+00,9.815859999999999586e-01,1.991400000000000059e+00,4.618190000000000239e+00
4.677669999999999995e+00,9.991590000000000193e-01,2.588750000000000107e+00,2.088919999999999888e+00,5.824410000000000309e+00,9.958080000000000265e-01,2.640150000000000219e+00,3.184260000000000090e+00,8.620530000000000470e+00,8.278820000000000068e-01,5.244760000000000533e-01,8.096049999999999969e+00,1.364250000000000007e+01,9.929050000000000376e-01,4.101140000000000008e+00,9.541339999999999932e+00,1.003720000000000034e+01,9.929360000000000408e-01,3.299020000000000064e+00,6.738190000000000346e+00,7.492070000000000007e+00,8.851499999999999924e-01,2.992370000000000196e+00,4.499699999999999811e+00
6.520559999999999690e+00,9.883929999999999660e-01,3.386839999999999851e+00,3.133719999999999839e+00,6.643670000000000186e+00,9.896629999999999594e-01,3.093409999999999993e+00,3.550250000000000128e+00,6.510030000000000427e+00,9.765150000000000219e-01,6.341529999999999667e-01,5.875869999999999926e+00,4.839070000000000427e+00,9.883589999999999876e-01,1.492059999999999942e+00,3.347010000000000041e+00,7.679719999999999658e+00,9.963809999999999611e-01,2.334109999999999907e+00,5.345620000000000260e+00,8.147629999999999484e+00,9.864880000000000315e-01,3.299710000000000143e+00,4.847909999999999719e+00
8.746059999999999945e+00,9.944570000000000354e-01,4.073610000000000397e+00,4.672450000000000436e+00,9.314780000000000726e+00,9.946329999999999893e-01,4.694049999999999834e+00,4.620730000000000004e+00,3.919109999999999872e+00,8.377040000000000042e-01,5.377330000000000165e-01,3.381380000000000052e+00,1.080310000000000059e+01,9.955399999999999805e-01,3.496509999999999785e+00,7.306549999999999656e+00,1.184290000000000020e+01,9.935720000000000107e-01,2.672280000000000211e+00,9.170659999999999812e+00,1.271720000000000006e+01,8.585340000000000193e-01,2.923960000000000115e+00,9.793210000000000193e+00
8.335530000000000328e+00,9.848700000000000232e-01,5.022029999999999994e+00,3.313499999999999890e+00,6.843230000000000146e+00,9.837299999999999933e-01,2.844920000000000115e+00,3.998310000000000031e+00,7.592480000000000118e+00,9.648940000000000294e-01,1.324359999999999982e+00,6.268119999999999692e+00,4.897170000000000023e+00,9.802659999999999707e-01,1.538769999999999971e+00,3.358400000000000052e+00,5.694460000000000299e+00,9.667529999999999735e-01,1.513169999999999904e+00,4.181289999999999729e+00,7.658150000000000013e+00,9.779189999999999827e-01,3.115439999999999987e+00,4.542720000000000091e+00
9.080940000000000012e+00,9.999580000000000135e-01,5.688830000000000275e+00,3.392110000000000181e+00,4.333389999999999631e+00,9.943480000000000096e-01,1.891699999999999937e+00,2.441689999999999916e+00,1.046850000000000058e+01,8.270669999999999966e-01,4.643419999999999770e-01,1.000420000000000087e+01,9.791000000000000369e+00,9.957780000000000520e-01,2.805829999999999824e+00,6.985159999999999592e+00,6.421619999999999884e+00,9.905749999999999833e-01,1.719049999999999967e+00,4.702560000000000073e+00,6.776570000000000427e+00,9.911109999999999642e-01,2.524570000000000203e+00,4.252010000000000289e+00
1.202180000000000071e+01,9.896859999999999546e-01,7.442759999999999820e+00,4.579019999999999868e+00,5.015430000000000277e+00,9.841839999999999478e-01,2.469809999999999839e+00,2.545609999999999928e+00,5.746249999999999858e+00,9.664110000000000200e-01,1.028289999999999926e+00,4.717959999999999710e+00,4.643270000000000231e+00,9.810269999999999824e-01,1.295649999999999968e+00,3.347630000000000106e+00,5.419170000000000265e+00,9.942360000000000086e-01,1.623950000000000005e+00,3.795220000000000038e+00,6.810710000000000264e+00,9.811879999999999491e-01,2.223310000000000120e+00,4.587410000000000210e+00
8.812500000000000000e+00,9.869109999999999827e-01,4.704830000000000290e+00,4.107680000000000220e+00,6.945669999999999789e+00,9.837190000000000101e-01,3.203300000000000036e+00,3.742360000000000131e+00,8.912280000000000868e+00,9.663669999999999760e-01,1.236169999999999991e+00,7.676110000000000433e+00,8.667730000000000601e+00,9.912130000000000107e-01,2.130729999999999791e+00,6.536999999999999922e+00,4.993450000000000166e+00,9.836819999999999453e-01,1.492220000000000102e+00,3.501230000000000064e+00,8.305680000000000618e+00,9.817879999999999940e-01,3.306299999999999795e+00,4.999369999999999870e+00
1.485389999999999944e+01,9.814789999999999903e-01,9.057600000000000762e+00,5.796280000000000321e+00,6.023159999999999847e+00,9.718869999999999454e-01,2.504809999999999981e+00,3.518349999999999866e+00,5.650689999999999991e+00,9.610769999999999591e-01,8.742750000000000243e-01,4.776410000000000267e+00,4.350480000000000125e+00,9.712110000000000465e-01,1.072940000000000005e+00,3.277540000000000120e+00,6.382360000000000255e+00,9.743889999999999496e-01,2.114619999999999944e+00,4.267739999999999867e+00,5.956769999999999676e+00,9.708459999999999868e-01,1.870239999999999903e+00,4.086520000000000152e+00
8.586899999999999977e+00,9.839849999999999985e-01,5.081710000000000171e+00,3.505189999999999806e+00,8.305419999999999803e+00,9.865730000000000333e-01,4.014990000000000059e+00,4.290429999999999744e+00,5.138609999999999900e+00,9.749940000000000273e-01,6.601839999999999931e-01,4.478430000000000355e+00,4.072630000000000194e+00,9.864859999999999740e-01,1.170819999999999972e+00,2.901809999999999778e+00,5.425460000000000171e+00,9.848390000000000200e-01,1.342000000000000082e+00,4.083459999999999646e+00,9.055830000000000268e+00,9.832790000000000141e-01,3.350649999999999906e+00,5.705180000000000362e+00
1.159130000000000038e+01,9.937519999999999687e-01,6.856639999999999624e+00,4.734689999999999621e+00,6.120510000000000339e+00,9.944319999999999826e-01,2.436189999999999856e+00,3.684320000000000039e+00,7.646650000000000169e+00,7.850610000000000088e-01,5.057949999999999946e-01,7.140859999999999985e+00,7.545790000000000219e+00,9.913440000000000030e-01,2.659689999999999888e+00,4.886099999999999888e+00,9.784720000000000084e+00,9.844589999999999730e-01,2.461800000000000210e+00,7.322919999999999874e+00,1.033880000000000088e+01,9.689489999999999492e-01,3.357969999999999899e+00,6.980780000000000207e+00
1.284050000000000047e+01,9.961729999999999752e-01,7.525820000000000398e+00,5.314639999999999809e+00,7.212089999999999890e+00,9.917869999999999742e-01,3.454819999999999780e+00,3.757270000000000110e+00,7.077060000000000350e+00,9.790750000000000286e-01,5.951159999999999783e-01,6.481939999999999813e+00,5.552419999999999689e+00,9.912830000000000252e-01,1.566319999999999935e+00,3.986110000000000042e+00,5.725979999999999848e+00,9.937040000000000317e-01,1.925869999999999971e+00,3.800110000000000099e+00,4.822860000000000369e+00,9.918930000000000247e-01,1.469209999999999905e+00,3.353650000000000020e+00
4.359189999999999898e+00,9.298349999999999671e-01,1.610670000000000046e+00,2.748520000000000074e+00,8.439149999999999707e+00,9.819630000000000303e-01,4.347339999999999982e+00,4.091800000000000104e+00,5.774790000000000312e+00,9.653340000000000254e-01,8.331870000000000109e-01,4.941609999999999836e+00,6.655940000000000190e+00,9.743549999999999711e-01,2.092750000000000110e+00,4.563189999999999635e+00,3.261699999999999822e+00,9.468959999999999599e-01,8.689480000000000537e-01,2.392749999999999932e+00,1.312049999999999983e+01,9.749069999999999681e-01,5.544990000000000308e+00,7.575540000000000163e+00
1.056520000000000081e+01,9.947259999999999991e-01,6.306790000000000340e+00,4.258390000000000342e+00,8.088329999999999131e+00,9.915819999999999634e-01,3.705159999999999787e+00,4.383169999999999789e+00,1.018960000000000043e+01,9.852830000000000199e-01,1.294950000000000045e+00,8.894629999999999370e+00,5.818380000000000329e+00,9.906340000000000146e-01,1.673010000000000108e+00,4.145369999999999777e+00,5.646309999999999718e+00,9.919710000000000472e-01,1.719109999999999916e+00,3.927200000000000024e+00,3.670020000000000060e+00,8.064369999999999594e-01,1.776440000000000019e+00,1.893580000000000041e+00
7.389450000000000074e+00,9.870200000000000085e-01,3.845450000000000035e+00,3.544000000000000039e+00,6.677299999999999791e+00,9.879499999999999948e-01,2.974419999999999842e+00,3.702879999999999949e+00,8.073209999999999553e+00,9.725869999999999793e-01,1.017889999999999961e+00,7.055320000000000036e+00,6.719769999999999577e+00,9.834960000000000369e-01,2.265909999999999869e+00,4.453859999999999708e+00,6.516490000000000116e+00,9.830980000000000274e-01,2.459449999999999914e+00,4.057050000000000267e+00,3.606469999999999843e+00,9.691699999999999759e-01,1.095579999999999998e+00,2.510889999999999844e+00
1.194120000000000026e+01,9.983269999999999644e-01,7.859630000000000116e+00,4.081540000000000390e+00,6.767970000000000041e+00,9.951910000000000478e-01,3.785070000000000157e+00,2.982909999999999950e+00,5.213949999999999640e+00,7.990040000000000475e-01,4.599719999999999920e-01,4.753980000000000317e+00,6.348670000000000258e+00,9.945920000000000316e-01,1.722769999999999913e+00,4.625899999999999679e+00,8.587609999999999744e+00,9.921440000000000259e-01,2.409450000000000092e+00,6.178160000000000096e+00,4.902770000000000294e+00,9.825009999999999577e-01,1.515640000000000098e+00,3.387129999999999974e+00
1.063100000000000023e+01,9.921039999999999859e-01,6.318480000000000096e+00,4.312500000000000000e+00,6.761059999999999626e+00,9.908580000000000165e-01,2.853860000000000063e+00,3.907189999999999941e+00,1.099329999999999963e+01,9.832370000000000276e-01,1.297840000000000105e+00,9.695479999999999876e+00,5.056479999999999642e+00,9.898959999999999981e-01,1.679219999999999935e+00,3.377260000000000151e+00,6.025050000000000239e+00,9.903999999999999471e-01,1.930430000000000090e+00,4.094619999999999926e+00,9.223470000000000724e+00,8.603370000000000184e-01,4.260880000000000223e+00,4.962589999999999613e+00
7.292040000000000077e+00,9.916030000000000122e-01,3.378740000000000077e+00,3.913289999999999935e+00,8.504619999999999180e+00,9.905909999999999993e-01,4.391300000000000203e+00,4.113310000000000244e+00,1.052239999999999931e+01,9.811509999999999954e-01,9.860079999999999956e-01,9.536429999999999296e+00,5.233990000000000364e+00,9.896369999999999889e-01,1.744560000000000111e+00,3.489430000000000032e+00,6.391770000000000174e+00,9.926160000000000538e-01,2.085360000000000102e+00,4.306409999999999627e+00,1.028700000000000081e+01,9.836230000000000251e-01,4.515340000000000131e+00,5.771609999999999907e+00
9.676180000000000447e+00,9.929149999999999920e-01,5.588009999999999700e+00,4.088169999999999860e+00,6.372589999999999755e+00,9.915720000000000089e-01,2.643720000000000070e+00,3.728870000000000129e+00,1.258099999999999952e+01,9.825739999999999474e-01,1.709719999999999906e+00,1.087129999999999974e+01,4.008469999999999978e+00,9.887799999999999923e-01,9.595200000000000395e-01,3.048950000000000049e+00,5.282689999999999664e+00,9.904570000000000318e-01,1.628039999999999932e+00,3.654640000000000111e+00,8.778019999999999712e+00,9.778660000000000130e-01,2.724130000000000162e+00,6.053889999999999993e+00
1.214830000000000076e+01,9.897390000000000354e-01,5.905120000000000147e+00,6.243229999999999613e+00,5.067689999999999806e+00,9.723460000000000436e-01,1.611359999999999904e+00,3.456329999999999902e+00,6.097640000000000171e+00,9.649429999999999952e-01,1.092330000000000023e+00,5.005300000000000082e+00,3.961669999999999803e+00,9.721199999999999841e-01,1.066580000000000084e+00,2.895090000000000163e+00,5.894519999999999982e+00,9.773070000000000368e-01,2.342789999999999928e+00,3.551730000000000054e+00,4.084349999999999703e+00,9.574129999999999585e-01,1.224969999999999892e+00,2.859379999999999811e+00
8.983000000000000540e+00,9.979630000000000445e-01,6.352800000000000225e+00,2.630199999999999871e+00,4.828929999999999723e+00,9.924039999999999528e-01,1.982790000000000052e+00,2.846140000000000114e+00,8.953089999999999549e+00,9.898519999999999541e-01,8.021909999999999874e-01,8.150890000000000413e+00,8.138529999999999376e+00,9.907540000000000235e-01,2.062870000000000203e+00,6.075660000000000061e+00,1.128340000000000032e+01,9.952699999999999880e-01,4.296969999999999956e+00,6.986410000000000231e+00,1.252330000000000076e+01,9.960569999999999702e-01,5.317280000000000229e+00,7.205989999999999895e+00
6.111559999999999881e+00,9.951149999999999718e-01,2.535960000000000214e+00,3.575600000000000112e+00,7.116310000000000358e+00,9.812999999999999501e-01,1.312610000000000054e+00,5.803700000000000081e+00,1.130450000000000088e+01,9.839130000000000376e-01,6.197319999999999496e-01,1.068479999999999919e+01,6.194169999999999732e+00,9.980360000000000342e-01,1.317339999999999955e+00,4.876829999999999998e+00,5.539959999999999773e+00,9.935629999999999740e-01,1.851010000000000044e+00,3.688950000000000173e+00,5.989550000000000374e+00,9.987260000000000026e-01,1.684050000000000047e+00,4.305500000000000327e+00
6.299559999999999604e+00,9.823899999999999855e-01,3.314620000000000122e+00,2.984939999999999927e+00,6.890249999999999986e+00,9.886380000000000168e-01,3.540399999999999991e+00,3.349849999999999994e+00,7.259179999999999744e+00,9.809299999999999686e-01,1.075129999999999919e+00,6.184050000000000047e+00,6.658549999999999969e+00,9.860229999999999828e-01,1.682620000000000005e+00,4.975929999999999964e+00,6.291210000000000413e+00,9.876869999999999816e-01,2.161840000000000206e+00,4.129369999999999763e+00,9.785370000000000346e+00,9.854349999999999499e-01,4.020590000000000330e+00,5.764780000000000015e+00
7.703350000000000364e+00,9.829879999999999729e-01,4.557850000000000179e+00,3.145500000000000185e+00,7.663459999999999717e+00,9.898700000000000276e-01,3.483179999999999943e+00,4.180279999999999774e+00,1.061880000000000024e+01,9.681429999999999758e-01,1.433759999999999923e+00,9.185060000000000002e+00,1.024050000000000082e+01,9.900510000000000144e-01,3.812120000000000175e+00,6.428370000000000140e+00,9.813370000000000815e+00,9.893180000000000307e-01,3.025090000000000057e+00,6.788280000000000314e+00,7.521799999999999820e+00,9.850600000000000467e-01,2.587819999999999787e+00,4.933970000000000411e+00
1.760620000000000118e+01,9.962100000000000399e-01,1.135379999999999967e+01,6.252379999999999605e+00,5.750390000000000335e+00,9.930769999999999875e-01,2.344920000000000115e+00,3.405470000000000219e+00,4.416699999999999626e+00,8.402110000000000412e-01,5.431310000000000304e-01,3.873569999999999958e+00,5.016320000000000334e+00,9.920219999999999594e-01,1.268420000000000103e+00,3.747910000000000075e+00,1.576500000000000057e+01,9.919719999999999649e-01,3.735209999999999919e+00,1.202970000000000006e+01,1.523259999999999970e+01,9.922670000000000101e-01,5.525150000000000006e+00,9.707480000000000331e+00
9.588789999999999480e+00,9.971259999999999568e-01,4.947930000000000383e+00,4.640859999999999985e+00,6.807120000000000282e+00,9.964499999999999469e-01,2.044639999999999791e+00,4.762480000000000047e+00,7.995960000000000178e+00,8.271030000000000326e-01,5.019460000000000033e-01,7.494010000000000282e+00,7.754529999999999923e+00,9.953680000000000305e-01,2.133950000000000014e+00,5.620589999999999975e+00,8.258539999999999992e+00,9.943739999999999801e-01,2.075610000000000177e+00,6.182940000000000325e+00,9.434699999999999420e+00,9.912309999999999732e-01,4.141409999999999592e+00,5.293289999999999829e+00
7.822490000000000165e+00,9.920069999999999721e-01,3.779809999999999892e+00,4.042690000000000339e+00,6.441430000000000433e+00,9.924260000000000304e-01,2.499460000000000015e+00,3.941959999999999908e+00,9.572710000000000719e+00,9.570340000000000513e-01,8.423500000000000432e-01,8.730359999999999232e+00,4.950280000000000236e+00,9.914720000000000200e-01,1.865909999999999958e+00,3.084369999999999834e+00,4.721949999999999648e+00,9.871400000000000174e-01,1.600230000000000041e+00,3.121719999999999828e+00,3.378080000000000194e+00,8.093749999999999556e-01,1.359869999999999912e+00,2.018209999999999837e+00
9.043279999999999319e+00,9.925549999999999651e-01,4.802050000000000374e+00,4.241229999999999833e+00,9.339650000000000674e+00,9.920769999999999866e-01,4.983670000000000044e+00,4.355979999999999741e+00,1.650979999999999848e+01,9.790459999999999718e-01,1.516210000000000058e+00,1.499349999999999916e+01,7.519149999999999778e+00,9.873380000000000489e-01,2.711110000000000131e+00,4.808040000000000092e+00,7.024519999999999875e+00,9.851670000000000149e-01,2.099709999999999965e+00,4.924809999999999910e+00,9.698380000000000223e+00,9.901680000000000481e-01,3.342970000000000219e+00,6.355410000000000004e+00
1.218360000000000021e+01,9.889660000000000117e-01,7.044290000000000163e+00,5.139319999999999666e+00,6.444869999999999877e+00,9.888249999999999540e-01,3.040519999999999889e+00,3.404339999999999922e+00,7.906329999999999636e+00,7.925830000000000375e-01,8.748939999999999495e-01,7.031430000000000291e+00,6.805760000000000254e+00,9.845559999999999867e-01,2.500309999999999810e+00,4.305450000000000443e+00,9.674490000000000478e+00,9.875509999999999566e-01,3.137270000000000003e+00,6.537209999999999965e+00,6.562359999999999971e+00,9.869520000000000515e-01,1.991549999999999931e+00,4.570800000000000196e+00
1.086890000000000001e+01,9.979419999999999957e-01,7.240240000000000009e+00,3.628680000000000128e+00,5.643880000000000230e+00,9.951619999999999910e-01,2.805050000000000043e+00,2.838830000000000187e+00,6.450160000000000338e+00,8.292350000000000554e-01,5.213820000000000121e-01,5.928779999999999717e+00,6.693900000000000183e+00,9.947610000000000063e-01,1.724990000000000023e+00,4.968910000000000160e+00,1.403040000000000020e+01,9.859930000000000083e-01,3.801699999999999857e+00,1.022869999999999990e+01,6.547069999999999723e+00,9.924849999999999506e-01,2.488980000000000192e+00,4.058089999999999975e+00
1.557220000000000049e+01,9.918860000000000454e-01,8.906240000000000379e+00,6.665919999999999845e+00,6.478130000000000166e+00,9.876669999999999616e-01,3.206430000000000113e+00,3.271700000000000053e+00,8.423799999999999955e+00,9.703300000000000258e-01,1.102640000000000065e+00,7.321150000000000269e+00,8.246340000000000003e+00,9.851130000000000164e-01,2.814700000000000202e+00,5.431650000000000311e+00,7.329430000000000334e+00,9.844760000000000177e-01,2.920319999999999805e+00,4.409110000000000085e+00,4.063959999999999795e+00,9.774709999999999788e-01,2.272600000000000176e+00,1.791360000000000063e+00
