-6.86423,4.36873e-08,7.24095,-0.00739545,-0.416895,0.0723494,-0.0496543,-1.30356,0.943037,-2.65754,0.97478,-0.0534873,0,0.719179,3.2594e-05,0.50908,0.000123334,-0.00169933,0.000570273,-0.00113965,-0.0298926,0.0169796,-0.0609891,0.0223722,-0.00121957,0,0.345906,3.53373,0.017029,-0.0739812,0.00416761,-0.141067,-2.0242,-0.205417,-1.43622,-0.371464,0.414845,0.0196065,0,0.00720754,1.07513,0.00128809,-0.000158088,1.47333e-05,-0.00102943,-0.0430308,-0.00429851,-0.0230754,-0.0077555,0.00876737,0.000419355,0,-1.91357,1.02002e-08,-15.0793,-0.00445573,0.0485117,0.0200939,-0.0138423,-0.362956,0.262885,-0.740751,0.271731,-0.0147756,0,0.231892,-2.46331e-09,-0.0748449,-1.35983e-06,0.000680716,0.000159731,-0.000281431,-0.00736195,0.00375166,-0.0150564,0.00552414,-0.000295068,0,-3.23075e-09,4.50575e-09,-2.2407e-10,-16.68,2.50592e-10,0.0132157,-5.39336e-10,-9.7344e-10,2.12391e-09,1.14435e-09,-6.14024e-09,4.20601e-09,0,-9.09261e-09,8.18466e-09,-1.94772e-09,0.0439782,8.54294e-10,-0.298379,4.46442e-10,2.04285e-09,-4.50547e-09,-8.08604e-10,-3.97273e-09,-1.00352e-09,0,-0.0904394,4.81386e-11,1.78981,-0.000441077,-17.3097,0.000943225,-0.000654217,-0.0171525,0.0124245,-0.0350091,0.0128425,-0.000697843,0,0.0163785,-6.98226e-11,0.049254,7.20937e-07,0.000219419,1.8404e-06,-8.70708e-06,-0.000227172,4.98373e-05,-0.000465694,0.000170895,-8.94526e-06,0,6.49296e-09,-9.19303e-09,-2.37144e-09,-2.10593,-1.17835e-09,0.000269371,1.00651e-09,1.69507e-09,-2.98219e-09,-2.50208e-09,1.18611e-08,-8.0197e-09,0,1.59435e-08,-1.5857e-08,6.41562e-09,-0.120629,-1.78642e-09,0.96238,-9.68611e-10,-3.17445e-09,7.92955e-09,1.53478e-09,8.02352e-09,1.17234e-09,0,0,0,0,0,0,0,0,0,0,0,0,0,0,0,0,0,0,0,0,1,0,0,0,0,0,0,0,0,0,0,0,0,0,0,0,0,0,0,0,0,0,0,0,0,0,0,1,0,0,0,0,0,0,0,0,0,0,0,0,0,0,0,0,0,0,0,0,0,0,0,0,0,0,1,0,0,0,0,0,0,0,0,0,0,0,0,0,0,0,0,0,0,0,0,0,0,0,0,0,0,1,0,0,0,0,0,0,0,0,0,0,0,0,0,0,0,0,0,0,0,0,0,0,0,0,0,0,1,0,0,0,0,0,0,0,0,0,0,0,0,0,0,0,0,0,0,0,0,0,0,0,0,0,0,1,0,0,0,0,0,0,0,0,0,0,0,0,0,0,0,0,0,0,0,0,0,0,0,0,0,0,1,
-5.32017,-6.82787e-09,7.52565,-0.00673443,-0.357445,0.063088,-0.0384849,-1.02979,0.731318,-2.0642,0.756053,-0.0474259,0,0.785924,-1.11022e-10,0.543409,1.20021e-06,-0.00786892,0.00123922,-0.000816869,-0.0219482,0.0116479,-0.0438347,0.0160503,-0.0010343,0,0.268574,2.38518,0.0122905,-0.0513421,0.00308662,-0.0969834,-1.36603,-0.131274,-0.974252,-0.236979,0.275007,0.0137262,-1.38778e-11,0.00544386,1.04779,0.000706318,-0.000763627,5.36939e-05,-0.00178819,-0.027367,-0.00255974,-0.0143009,-0.00461267,0.00546057,0.000279112,0,-1.35024,-1.70697e-09,-15.514,-0.00250489,0.0901764,0.0161175,-0.00976734,-0.261382,0.185607,-0.523893,0.191885,-0.012044,0,0.184195,-5.55112e-11,-0.117037,-5.3139e-05,0.00542309,0.000359648,-0.000224932,-0.00604158,0.00336256,-0.0120698,0.00441952,-0.000284177,0,3.72299e-10,5.46547e-09,-1.11325e-08,-16.8192,6.22241e-09,0.010645,-1.03293e-08,6.02949e-09,-3.93921e-10,1.23421e-08,-5.86308e-09,4.07326e-09,3.9087e-11,-5.1677e-09,1.43391e-10,-5.04196e-10,-0.250685,-8.62744e-09,-0.231669,1.62875e-09,-2.36795e-09,-4.53361e-09,-7.17847e-09,6.11863e-10,7.15389e-09,0,-0.0873599,-2.44596e-10,1.71584,-0.00101962,-17.2515,0.000997155,-0.000631941,-0.0167738,0.0120058,-0.0338641,0.012411,-0.000737068,-9.6494e-11,0.0236603,-1.78893e-11,0.091774,-1.02593e-05,-0.302567,9.55952e-06,-6.49303e-06,-0.000172482,2.39557e-05,-0.000347998,0.000127532,-7.61188e-06,0,8.94712e-10,-1.10649e-08,2.40195e-08,-2.12031,-1.85164e-08,0.00255591,2.51259e-08,-7.84187e-09,9.43884e-09,-2.85697e-08,1.56168e-08,-5.19387e-09,-8.41117e-11,1.75163e-08,-1.24217e-12,-8.52397e-09,-0.157854,2.12559e-08,0.970807,-1.2444e-08,9.04718e-09,7.45157e-09,1.53505e-08,-8.52155e-09,-2.3109e-08,0,0,0,0,0,0,0,0,0,0,0,0,0,0,0,0,0,0,0,0,1,0,0,0,0,0,0,0,0,0,0,0,0,0,0,0,0,0,0,0,0,0,0,0,0,0,0,1,0,0,0,0,0,0,0,0,0,0,0,0,0,0,0,0,0,0,0,0,0,0,0,0,0,0,1,0,0,0,0,0,0,0,0,0,0,0,0,0,0,0,0,0,0,0,0,0,0,0,0,0,0,1,0,0,0,0,0,0,0,0,0,0,0,0,0,0,0,0,0,0,0,0,0,0,0,0,0,0,1,0,0,0,0,0,0,0,0,0,0,0,0,0,0,0,0,0,0,0,0,0,0,0,0,0,0,1,0,0,0,0,0,0,0,0,0,0,0,0,0,0,0,0,0,0,0,0,0,0,0,0,0,0,1,
-3.48394,3.59712e-08,6.76641,-0.00300653,-0.343684,0.050366,-0.025202,-0.693686,0.479316,-1.35617,0.495644,-0.0369844,0,0.823313,7.77156e-10,0.407809,-0.00037884,-0.0080566,0.0014321,-0.000533667,-0.0147494,0.00763578,-0.0287315,0.0104972,-0.000801636,0,0.175422,1.26125,-0.000739034,-0.031035,0.00287761,-0.0511511,-0.722095,-0.0622026,-0.519777,-0.112179,0.140651,0.0077851,0,0.00358957,1.02461,0.000112227,-0.00054865,5.3868e-05,-0.000973329,-0.0140887,-0.0011689,-0.00732354,-0.00210511,0.00271401,0.000154871,0,-0.670844,7.18869e-09,-13.4567,-0.00604582,0.200649,0.00948059,-0.00485273,-0.133037,0.0922825,-0.261013,0.0954228,-0.00695743,0,0.197362,1.66533e-10,0.180213,-0.000221174,0.00703369,0.000228142,-7.61968e-05,-0.00209062,0.000853315,-0.00409878,0.00149836,-0.000109766,0,-7.37112e-09,7.24601e-11,-1.45639e-08,-15.797,1.0277e-08,0.0153805,-1.53566e-09,-8.77082e-09,-1.13893e-08,4.10559e-09,3.19475e-09,-1.65623e-08,0,-9.29183e-10,2.8348e-10,-5.83424e-09,0.0341375,9.65853e-10,-0.245669,3.75932e-09,-2.49252e-09,1.3324e-08,2.02185e-10,-9.89878e-09,3.07619e-09,0,-0.00735932,-7.55689e-11,6.80568,-0.00104533,-16.8357,0.000104046,-5.32358e-05,-0.00145946,0.00101236,-0.00286338,0.00104681,-7.63305e-05,0,0.0021834,-1.48319e-10,0.199568,-8.53135e-06,-0.0277674,2.42078e-06,-8.40369e-07,-2.3053e-05,9.449e-06,-4.51983e-05,1.65226e-05,-1.21073e-06,0,1.33104e-08,1.89312e-10,2.6601e-08,-1.99454,-1.86175e-08,0.0015735,4.03663e-09,1.68142e-08,2.28613e-08,-5.71551e-09,-6.17179e-09,3.09743e-08,0,2.81579e-09,-2.42463e-10,1.0534e-08,-0.121948,1.03678e-10,0.968984,-7.61325e-09,5.30078e-09,-2.6344e-08,-1.2174e-09,1.8077e-08,-5.22247e-09,0,0,0,0,0,0,0,0,0,0,0,0,0,0,0,0,0,0,0,0,1,0,0,0,0,0,0,0,0,0,0,0,0,0,0,0,0,0,0,0,0,0,0,0,0,0,0,1,0,0,0,0,0,0,0,0,0,0,0,0,0,0,0,0,0,0,0,0,0,0,0,0,0,0,1,0,0,0,0,0,0,0,0,0,0,0,0,0,0,0,0,0,0,0,0,0,0,0,0,0,0,1,0,0,0,0,0,0,0,0,0,0,0,0,0,0,0,0,0,0,0,0,0,0,0,0,0,0,1,0,0,0,0,0,0,0,0,0,0,0,0,0,0,0,0,0,0,0,0,0,0,0,0,0,0,1,0,0,0,0,0,0,0,0,0,0,0,0,0,0,0,0,0,0,0,0,0,0,0,0,0,0,1,
-2.07514,1.23235e-08,7.6658,-0.00445654,-0.233324,0.0393293,-0.0150111,-0.419285,0.285624,-0.809175,0.29539,-0.0239018,0,0.853458,1.11022e-10,0.358877,-0.00290374,-0.00413098,0.00366024,-0.000316666,-0.00885485,0.00461556,-0.0170722,0.00623168,-0.000507235,0,0.106044,0.611451,0.00351854,-0.013657,0.00155289,-0.0239368,-0.349919,-0.0257166,-0.254882,-0.0461506,0.0651929,0.00407625,0,0.00210173,1.01191,0.000215793,-0.000213192,2.58227e-05,-0.000434769,-0.00681527,-0.000478483,-0.00359322,-0.000856345,0.00125435,8.07839e-05,0,-0.310483,2.10942e-09,-15.4617,-0.00430729,0.208116,0.00524764,-0.00224596,-0.0624995,0.0427301,-0.121015,0.0441898,-0.00350441,0,0.205204,0,0.273535,-0.000110033,0.00399319,8.48058e-05,-2.44567e-05,-0.000677922,-1.20118e-06,-0.00131715,0.000481117,-3.73486e-05,0,-1.11396e-08,9.8534e-11,-2.74205e-08,-18.2281,4.51572e-10,0.00976143,-5.10048e-10,4.14763e-09,-8.20766e-09,1.82036e-08,-8.908e-10,-8.31366e-09,0,3.02894e-09,1.45787e-10,5.59809e-09,0.142692,-5.5947e-10,-0.246346,-1.36226e-08,-1.06179e-08,-1.70118e-12,-9.27732e-09,-4.11936e-09,8.47418e-09,0,-0.00178731,9.05309e-12,1.32279,-5.21123e-05,-19.399,3.02194e-05,-1.29289e-05,-0.00035978,0.000245978,-0.000696632,0.000254381,-2.01732e-05,0,0.00118226,-1.55583e-11,0.0240519,-2.43112e-07,0.0878963,4.17262e-07,-1.40876e-07,-3.91485e-06,1.78893e-12,-7.60649e-06,2.77818e-06,-2.15733e-07,0,2.17698e-08,-3.40568e-10,5.33681e-08,-2.29952,-1.92252e-09,0.00217053,4.86517e-10,-8.2682e-09,1.60934e-08,-3.47642e-08,2.74359e-09,1.63887e-08,0,-6.11273e-09,5.38865e-10,-1.15961e-08,-0.108208,3.54369e-09,0.968917,2.63865e-08,2.08164e-08,5.90881e-12,1.6434e-08,8.91644e-09,-1.66137e-08,0,0,0,0,0,0,0,0,0,0,0,0,0,0,0,0,0,0,0,0,1,0,0,0,0,0,0,0,0,0,0,0,0,0,0,0,0,0,0,0,0,0,0,0,0,0,0,1,0,0,0,0,0,0,0,0,0,0,0,0,0,0,0,0,0,0,0,0,0,0,0,0,0,0,1,0,0,0,0,0,0,0,0,0,0,0,0,0,0,0,0,0,0,0,0,0,0,0,0,0,0,1,0,0,0,0,0,0,0,0,0,0,0,0,0,0,0,0,0,0,0,0,0,0,0,0,0,0,1,0,0,0,0,0,0,0,0,0,0,0,0,0,0,0,0,0,0,0,0,0,0,0,0,0,0,1,0,0,0,0,0,0,0,0,0,0,0,0,0,0,0,0,0,0,0,0,0,0,0,0,0,0,1,
-1.15382,3.9968e-09,6.05622,-0.0205743,-0.0812393,0.0429249,-0.00834644,-0.234834,0.158848,-0.450307,0.16429,-0.0138126,0,0.878232,-1.11022e-10,0.485937,-0.016247,-0.00306894,0.0167057,-0.000168689,-0.00475349,0.00235449,-0.00910278,0.00332066,-0.000281396,0,0.0645245,0.303844,0.00629358,-0.0056193,0.000651197,-0.0111607,-0.173797,-0.0103028,-0.128287,-0.0183011,0.0307096,0.00218832,0,0.00121921,1.00601,0.000240535,-8.09124e-05,1.18191e-05,-0.000175445,-0.00343632,-0.000192104,-0.00184836,-0.000340152,0.00059935,4.40381e-05,0,-0.285779,6.93889e-10,-12.3698,-0.00556071,0.0424478,0.0106822,-0.00206726,-0.0581448,0.0393433,-0.111528,0.0406911,-0.00341521,0,0.194996,-4.16334e-11,0.0185997,-0.00410207,0.00430713,0.00422039,-4.61603e-05,-0.00129932,0.000681206,-0.00249057,0.00090863,-7.65623e-05,0,4.59204e-09,-1.03017e-09,-3.20521e-08,-13.1527,7.07275e-10,0.00490289,1.50816e-08,-1.49572e-08,2.10663e-09,2.01253e-09,4.60388e-09,-1.317e-08,0,-2.954e-09,4.75991e-09,-1.12552e-09,-0.102782,3.93818e-09,-0.213479,9.68588e-09,-3.53877e-09,-7.2815e-10,-1.95036e-08,3.33025e-09,6.50234e-09,0,0.0029561,2.66605e-10,-1.66777,0.000142018,-13.3642,-0.000103468,2.13839e-05,0.000594703,-0.000406825,0.0011521,-0.000420721,3.32574e-05,0,-0.00896368,9.67108e-11,-0.034414,2.47534e-05,-0.149706,-2.35386e-05,-1.65512e-07,-4.67722e-06,4.02656e-06,-8.91643e-06,3.25128e-06,-2.83093e-07,0,-2.22886e-09,1.71706e-09,8.74718e-08,-1.66077,5.09817e-10,0.000752381,-3.68715e-08,2.13223e-08,-1.62445e-08,-2.21733e-09,-1.5908e-08,3.12652e-08,0,8.08987e-09,-8.20201e-09,3.04952e-08,-0.139185,9.07173e-09,0.973067,-1.94536e-08,7.05432e-09,1.56393e-09,3.89024e-08,-5.52623e-09,-1.19695e-08,0,0,0,0,0,0,0,0,0,0,0,0,0,0,0,0,0,0,0,0,1,0,0,0,0,0,0,0,0,0,0,0,0,0,0,0,0,0,0,0,0,0,0,0,0,0,0,1,0,0,0,0,0,0,0,0,0,0,0,0,0,0,0,0,0,0,0,0,0,0,0,0,0,0,1,0,0,0,0,0,0,0,0,0,0,0,0,0,0,0,0,0,0,0,0,0,0,0,0,0,0,1,0,0,0,0,0,0,0,0,0,0,0,0,0,0,0,0,0,0,0,0,0,0,0,0,0,0,1,0,0,0,0,0,0,0,0,0,0,0,0,0,0,0,0,0,0,0,0,0,0,0,0,0,0,1,0,0,0,0,0,0,0,0,0,0,0,0,0,0,0,0,0,0,0,0,0,0,0,0,0,0,1,
-0.782471,1.77636e-09,5.35359,-0.0136437,-0.145933,0.0326459,-0.00566021,-0.162244,0.107787,-0.306064,0.111498,-0.0102839,0,0.881265,0,0.204312,-0.0116903,-0.000126836,0.0120834,-0.000120437,-0.00346756,0.00170844,-0.00651592,0.00237288,-0.00022353,0,0.0423162,0.166287,0.00457485,-0.00277746,0.000450526,-0.00563771,-0.0950647,-0.00407389,-0.0711756,-0.00725068,0.0158056,0.00132417,0,0.000796048,1.00337,0.000180924,-3.57266e-05,8.20825e-06,-8.66601e-05,-0.0019274,-7.52732e-05,-0.00106594,-0.000134454,0.000315955,2.75009e-05,0,-0.0382024,1.11022e-10,-10.8809,-0.00284051,0.217674,0.00151682,-0.000276347,-0.00776549,0.00525919,-0.0149072,0.0054393,-0.00045433,0,0.207685,0,0.584637,-3.48207e-05,-0.000840488,1.54429e-05,2.54241e-08,7.31942e-07,-3.48971e-07,1.37546e-06,-5.00891e-07,4.71567e-08,0,-6.1614e-12,-5.82365e-13,-8.04208e-11,-12.8054,3.89189e-11,0.00723688,1.13828e-12,3.56985e-12,2.44615e-12,1.9592e-12,6.75276e-12,-1.8744e-12,0,-2.49527e-13,6.66796e-12,1.89198e-11,0.508288,1.04617e-10,-0.245977,-1.3969e-12,-2.18792e-13,-1.10282e-12,4.41466e-12,-3.10606e-12,-4.75427e-12,0,-0.000505363,1.14925e-11,2.92248,-3.80258e-06,-13.6305,2.0078e-05,-3.65567e-06,-0.000102735,6.95717e-05,-0.000197203,7.19544e-05,-6.0129e-06,0,0.00273451,1.0842e-13,-0.00546901,-5.43185e-11,0.476829,-4.4127e-11,-1.30104e-11,0,-6.83047e-12,1.35525e-11,-1.86483e-11,1.35525e-11,0,3.62454e-12,-3.01786e-12,-2.88771e-12,-1.61686,2.74991e-12,0.000933898,-3.15262e-12,1.11117e-11,-6.62799e-12,2.57171e-12,2.19669e-12,4.81371e-12,0,3.79984e-12,2.05857e-13,-4.72342e-11,-0.0620495,6.9217e-12,0.968937,1.18037e-11,-8.92471e-12,1.02102e-14,2.93547e-12,5.89409e-12,1.77403e-11,0,0,0,0,0,0,0,-7.53362e-25,6.14099e-17,9.23266e-16,2.4564e-16,-1.73377e-17,1.2904e-17,-1.65113e-20,0,0,0,0,0,0,1,0,0,0,0,0,0,0,0,0,0,0,0,-1.8982e-24,1.60936e-16,1.05032e-15,-5.54807e-16,2.42463e-16,1.17791e-16,2.89513e-19,0,0,0,0,0,0,0,1,0,0,0,0,0,0,0,0,0,0,0,2.61902e-24,-8.68209e-17,-3.03238e-15,-2.07523e-16,-8.81444e-17,-5.66453e-17,2.35746e-19,0,0,0,0,0,0,0,0,1,0,0,0,0,0,0,0,0,0,0,-7.1737e-25,-5.92923e-16,-1.14349e-15,-2.76133e-15,1.70677e-15,-4.20869e-17,-3.03989e-19,0,0,0,0,0,0,0,0,0,1,0,0,0,0,0,0,0,0,0,-3.84964e-24,-2.15993e-16,-3.74812e-16,-1.56701e-15,4.79421e-15,-1.4029e-16,-3.3749e-18,0,0,0,0,0,0,0,0,0,0,1,0,0,0,0,0,0,0,0,2.12361e-23,-1.18585e-16,-2.64274e-15,4.5401e-15,-2.27852e-15,-4.19281e-15,-4.02341e-17,0,0,0,0,0,0,0,0,0,0,0,1,0,0,0,0,0,0,0,-6.21622e-24,1.65171e-16,1.69407e-15,1.33831e-15,-1.21973e-15,1.61783e-15,6.3951e-16,0,0,0,0,0,0,0,0,0,0,0,0,1,
-0.486371,7.21645e-10,9.22957,0.195419,-0.198775,-0.181904,-0.00351829,-0.100016,0.0669813,-0.190054,0.0692822,-0.00613717,0,0.84269,5.55112e-11,0.417898,0.197107,-0.00229396,-0.196815,-7.78259e-05,-0.00221508,0.0011471,-0.00420467,0.00153262,-0.000136579,0,0.0295862,0.0990237,0.00304032,-0.00181561,0.000328899,-0.00306152,-0.0565792,-0.00155899,-0.0429884,-0.00261157,0.00878831,0.000833123,0,0.000577558,1.00205,0.000143769,-1.44772e-05,4.1562e-06,-5.60948e-05,-0.0011698,-2.80545e-05,-0.000665744,-4.63067e-05,0.000178929,1.75203e-05,0,-0.0790094,1.249e-10,-18.5641,-0.00235297,0.348098,0.00362308,-0.000571536,-0.0161862,0.0108796,-0.0308597,0.011253,-0.000978232,0,0.294357,-4.16334e-11,0.159207,-0.00109598,0.0039822,0.00110547,-4.52652e-06,-0.000127737,-1.66867e-07,-0.000244304,8.9111e-05,-7.6073e-06,0,-1.89276e-09,-1.49767e-10,-7.7151e-09,-21.6573,5.81374e-10,0.00762911,-9.99156e-09,-1.87662e-08,-1.26142e-09,1.04759e-08,-1.33725e-08,1.2356e-08,0,1.96985e-09,1.08661e-10,8.45006e-09,0.0168679,1.10695e-08,-0.344891,7.07438e-11,6.72259e-09,3.24155e-13,-1.03402e-08,7.88121e-09,-1.01892e-08,0,-0.000673605,-1.18395e-10,1.39634,-1.63677e-05,-22.9558,3.06194e-05,-4.87269e-06,-0.000138008,9.27559e-05,-0.0002631,9.59388e-05,-8.34301e-06,0,0.00257116,3.68629e-12,0.0151125,-8.86015e-06,-0.0422014,9.01245e-06,-3.73545e-08,-1.05073e-06,7.58942e-13,-2.00908e-06,7.32595e-07,-6.24373e-08,0,4.42735e-09,-1.25073e-10,1.53401e-08,-2.73394,-1.11771e-09,0.000950368,2.10764e-08,4.08859e-08,1.82988e-09,-2.22458e-08,2.90582e-08,-2.68614e-08,0,-3.54037e-09,2.14593e-11,-1.83868e-08,-0.124068,-2.39374e-08,0.95646,1.12666e-10,-1.29584e-08,5.68858e-15,2.14255e-08,-1.61701e-08,2.16892e-08,0,0,0,0,0,0,0,0,0,0,0,0,0,0,0,0,0,0,0,0,1,0,0,0,0,0,0,0,0,0,0,0,0,0,0,0,0,0,0,0,0,0,0,0,0,0,0,1,0,0,0,0,0,0,0,0,0,0,0,0,0,0,0,0,0,0,0,0,0,0,0,0,0,0,1,0,0,0,0,0,0,0,0,0,0,0,0,0,0,0,0,0,0,0,0,0,0,0,0,0,0,1,0,0,0,0,0,0,0,0,0,0,0,0,0,0,0,0,0,0,0,0,0,0,0,0,0,0,1,0,0,0,0,0,0,0,0,0,0,0,0,0,0,0,0,0,0,0,0,0,0,0,0,0,0,1,0,0,0,0,0,0,0,0,0,0,0,0,0,0,0,0,0,0,0,0,0,0,0,0,0,0,1,
-0.339606,9.4369e-10,6.19132,0.370183,-0.0272481,-0.359645,-0.00245663,-0.0698309,0.0467692,-0.132703,0.0483758,-0.00428377,0,0.893191,-8.32667e-11,0.492824,0.329606,-0.00134095,-0.329426,-5.2074e-05,-0.00148131,0.000747426,-0.00281323,0.00102548,-9.11288e-05,0,0.0231792,0.0671157,0.00319937,-0.00103186,0.00019888,-0.00194222,-0.0383253,-0.000411751,-0.029567,-0.000547908,0.00551107,0.000604727,0,0.000447833,1.00142,0.000133951,4.20718e-05,2.18598e-06,-7.34758e-05,-0.000811405,-5.82489e-06,-0.000474133,-6.20701e-06,0.00011473,1.29973e-05,0,-0.085305,2.35922e-10,-12.4871,0.0930833,0.0235513,-0.0905612,-0.000617076,-0.0175359,0.0117478,-0.0333323,0.0121513,-0.00107456,0,0.199064,-1.38778e-11,0.010019,0.0842029,0.00238873,-0.0841525,-1.44424e-05,-0.000410548,0.000218276,-0.000780183,0.000284409,-2.51851e-05,0,3.0324e-09,3.33232e-09,-4.11747e-09,-12.8159,6.50552e-10,0.0053057,2.39064e-09,3.40637e-10,8.17235e-09,1.58806e-09,-2.25187e-09,2.56566e-09,0,-4.25951e-10,2.94497e-11,-5.85891e-10,-0.056763,-2.38065e-09,-0.222858,5.88488e-09,1.6185e-09,2.37812e-09,1.60624e-09,8.92929e-09,-3.67048e-10,0,-0.00279413,4.43588e-10,-0.0230674,0.00297481,-12.7758,-0.00292656,-2.02121e-05,-0.000573077,0.000384766,-0.00109149,0.000397974,-3.47964e-05,0,0.016061,-3.61988e-11,0.0214094,0.00227194,-0.0931476,-0.00227139,-1.89299e-07,-5.36741e-06,1.63845e-06,-1.02155e-05,3.72481e-06,-3.26905e-07,0,-5.73597e-09,-7.80856e-09,7.09287e-09,-1.61836,-3.17951e-09,0.000143073,-8.75859e-09,3.39498e-09,-2.74375e-08,-2.52151e-09,2.01139e-10,-7.7674e-09,0,1.05037e-09,4.01796e-11,-3.88807e-09,-0.133355,1.18325e-08,0.971876,-1.18099e-08,-4.02383e-09,-4.53416e-09,-3.88265e-09,-1.8854e-08,3.63188e-10,0,0,0,0,0,0,0,0,0,0,0,0,0,0,0,0,0,0,0,0,1,0,0,0,0,0,0,0,0,0,0,0,0,0,0,0,0,0,0,0,0,0,0,0,0,0,0,1,0,0,0,0,0,0,0,0,0,0,0,0,0,0,0,0,0,0,0,0,0,0,0,0,0,0,1,0,0,0,0,0,0,0,0,0,0,0,0,0,0,0,0,0,0,0,0,0,0,0,0,0,0,1,0,0,0,0,0,0,0,0,0,0,0,0,0,0,0,0,0,0,0,0,0,0,0,0,0,0,1,0,0,0,0,0,0,0,0,0,0,0,0,0,0,0,0,0,0,0,0,0,0,0,0,0,0,1,0,0,0,0,0,0,0,0,0,0,0,0,0,0,0,0,0,0,0,0,0,0,0,0,0,0,1,
-0.265949,2.08167e-10,4.78567,0.312659,0.0470663,-0.303361,-0.00192382,-0.0547586,0.0366271,-0.103938,0.0378857,-0.00337712,0,0.895005,-1.38778e-11,0.498334,0.27905,-0.00206589,-0.278854,-4.15925e-05,-0.00118421,0.000606587,-0.0022472,0.000819091,-7.31164e-05,0,0.0203782,0.0516825,0.00314052,-0.000744178,0.000162852,-0.00134655,-0.0294941,0.000209501,-0.0231165,0.000567802,0.00388338,0.00049958,0,0.000389263,1.00112,0.000137585,3.4936e-05,1.90506e-06,-5.75872e-05,-0.000639523,6.85711e-06,-0.000384249,1.66686e-05,8.2628e-05,1.09818e-05,0,-0.0856199,-9.88792e-11,-9.66486,0.100996,-0.117624,-0.0979637,-0.000619355,-0.0176355,0.0117919,-0.0334634,0.0121971,-0.00108921,0,0.19839,1.38778e-11,-0.00075452,0.0952487,0.00391693,-0.0951798,-1.45022e-05,-0.000412892,0.000211981,-0.000783539,0.000285596,-2.54901e-05,0,-6.91299e-11,4.74609e-10,-1.07819e-10,-8.12767,-1.33486e-09,-0.078992,-1.97732e-10,1.24379e-09,6.66828e-10,9.52254e-11,9.50949e-10,-8.80816e-11,0,5.14266e-10,-1.21776e-11,-2.53423e-10,-0.119645,-1.87207e-10,-0.184044,-3.14763e-10,3.28972e-10,-3.05948e-10,-5.30758e-10,1.55439e-09,-4.78861e-10,0,0.0731896,-2.77556e-10,-11.189,-0.0909385,-8.3316,0.087492,0.000529436,0.0150833,-0.0100801,0.028607,-0.0104266,0.000933592,0,0.130932,1.66533e-10,0.284901,-0.0985958,-0.13748,0.0984854,2.38704e-05,0.000679292,-0.000426141,0.00128961,-0.000470076,4.18586e-05,0,8.8573e-10,-1.70826e-09,3.68186e-10,-0.948769,2.93824e-09,0.164028,1.60241e-09,-1.77579e-09,-1.69779e-09,-8.18538e-10,-1.20749e-09,1.52543e-09,0,-1.3896e-10,-6.09878e-11,1.30019e-09,-0.138758,4.76766e-10,0.979392,3.512e-10,-8.60861e-11,2.76913e-10,6.55403e-10,-2.71196e-09,9.34459e-10,0,0,0,0,0,0,0,2.65057e-24,4.12929e-16,2.81638e-15,1.90582e-17,-8.93355e-19,4.18223e-17,-3.82248e-20,0,0,0,0,0,0,1,-1.97058e-40,0,-1.09476e-40,-1.20424e-40,-1.23161e-41,0,0,0,0,0,0,0,2.75953e-24,1.00797e-15,3.1679e-15,-4.44692e-17,-8.15269e-17,3.81959e-16,1.5096e-18,0,0,0,0,0,0,5.56855e-40,1,0,-1.53267e-40,-8.75812e-41,2.73691e-41,0,0,0,0,0,0,0,-8.07794e-24,-5.59042e-16,-9.09713e-15,-1.48231e-17,4.07635e-17,-1.83965e-16,9.40918e-19,0,0,0,0,0,0,-2.45227e-39,7.4444e-40,1,2.62743e-40,-1.75162e-40,-2.46322e-41,0,0,0,0,0,0,0,-3.86887e-24,-3.45589e-15,-3.42201e-15,-2.11758e-16,-5.03985e-16,-1.38437e-16,-1.32556e-18,0,0,0,0,0,0,6.30584e-39,4.90454e-39,0,1,-3.50325e-40,1.36846e-41,0,0,0,0,0,0,0,-5.52203e-25,-9.48677e-16,-1.05879e-15,-1.01644e-16,-1.4569e-15,-4.57398e-16,-1.47238e-17,0,0,0,0,0,0,2.24208e-38,2.8026e-39,0,0,1,-3.50325e-40,0,0,0,0,0,0,0,6.80945e-23,-9.69853e-16,-8.01293e-15,3.55754e-16,7.11508e-16,-1.3561e-14,-1.80524e-16,0,0,0,0,0,0,-4.72938e-39,-7.70714e-39,0,-1.4013e-39,9.63393e-40,1,0,0,0,0,0,0,0,-6.12787e-23,1.05879e-15,5.20925e-15,7.6233e-17,3.51519e-16,5.21349e-15,2.81215e-15,0,0,0,0,0,0,-9.80909e-39,-7.00649e-40,0,1.92679e-39,6.13068e-40,4.65275e-41,1,
-0.143818,-0.0195191,3.11488,0.212644,-0.21773,-0.0481374,0.0101545,-0.0280739,0.0274768,-0.053406,0.0179236,-0.00190724,0,0.478482,-0.455434,0.290014,0.0358369,-0.0028916,-0.0359839,0.00021604,-0.000631887,0.000470077,-0.00120191,0.000405103,-4.27329e-05,0,0.130811,0.0219247,-2.58697,0.161784,-0.167864,0.0489918,-0.0116282,0.0252117,-0.0266308,0.0479786,-0.0157548,0.00175374,0,-0.464779,0.477229,-0.268608,-0.031835,-0.000564243,0.0314553,-0.000262357,0.00054013,-0.000443616,0.00102791,-0.000335702,3.77972e-05,0,-0.044939,-0.00709671,-11.431,0.0405353,0.0749588,-0.0125178,0.00374511,-0.0086953,0.00897771,-0.016545,0.00546962,-0.00060059,0,0.103233,-0.134226,-0.118893,0.00877774,0.00444793,-0.00891704,9.21932e-05,-0.00022843,0.000193664,-0.000434603,0.000144532,-1.56767e-05,0,0.00149963,-0.000681751,0.701798,-8.97338,-0.0138741,-0.0155886,0.000401853,0.000361053,6.13862e-05,0.000683581,-0.00030314,1.57732e-05,0,0.0062705,-0.00486765,0.0142321,-0.0641005,-0.000252328,0.0893871,1.37194e-05,1.92853e-05,-4.40204e-06,3.65668e-05,-1.51383e-05,9.69008e-07,0,0.0151805,0.000100217,5.18563,0.0413653,-9.46041,-0.0135489,5.23345e-05,0.00311259,-0.00212996,0.00591726,-0.00214922,0.000191602,0,-0.187486,-0.00679744,0.309834,0.0120419,-0.0843451,-0.0128192,-3.27832e-06,4.82046e-05,-4.61607e-05,9.15352e-05,-3.26757e-05,3.05399e-06,0,-0.0234927,0.00480677,0.37596,0.0337012,-0.255503,0.0179344,-0.00292677,-0.00520346,0.00134642,-0.00986828,0.00397768,-0.000274572,0,0.0440561,0.0544417,0.0285535,-0.000898868,-0.00140527,0.0230128,-7.82899e-05,-0.000140046,3.45354e-05,-0.000265594,0.000106988,-7.39823e-06,0,0,0,0,0,0,0,-8.87469e-25,1.6623e-15,5.09067e-15,6.41627e-16,-2.51132e-17,4.16568e-17,-7.23783e-21,0,0,0,0,0,0,1,3.5663e-37,0,-5.08847e-38,-1.31372e-39,-9.08654e-40,0,0,0,0,0,0,0,-5.59648e-24,4.04458e-15,5.71747e-15,-1.49925e-15,3.90165e-16,3.81165e-16,-6.78288e-19,0,0,0,0,0,0,6.8033e-37,1,0,-6.1517e-37,-1.68156e-38,-4.97023e-39,0,0,0,0,0,0,0,4.14152e-24,-2.25099e-15,-1.64155e-14,-5.17749e-16,-1.47172e-16,-1.83039e-16,-2.95717e-19,0,0,0,0,0,0,8.49187e-37,-5.7243e-37,1,3.36312e-38,7.49695e-38,2.25959e-38,0,0,0,0,0,0,0,-6.24778e-24,-1.37389e-14,-6.14946e-15,-7.30989e-15,2.70627e-15,-1.37246e-16,5.33531e-19,0,0,0,0,0,0,-3.48083e-36,2.5896e-36,0,1,2.97776e-38,-2.36469e-38,0,0,0,0,0,0,0,-1.65976e-23,-3.47707e-15,-1.86135e-15,-3.97258e-15,7.58942e-15,-4.52898e-16,5.65792e-18,0,0,0,0,0,0,-1.85322e-37,1.38729e-36,0,1.25066e-37,1,8.58295e-38,0,0,0,0,0,0,0,1.42216e-22,-4.03611e-15,-1.45012e-14,1.20956e-14,-3.63377e-15,-1.35102e-14,7.0939e-17,0,0,0,0,0,0,-4.14084e-37,-6.67018e-36,0,-4.6411e-36,-2.38221e-38,1,0,0,0,0,0,0,0,-7.53047e-23,4.25211e-15,9.41054e-15,3.63801e-15,-1.93547e-15,5.20078e-15,-1.07573e-15,0,0,0,0,0,0,4.14084e-37,1.61149e-37,0,1.0825e-37,-4.97461e-38,-4.60677e-38,1,
-0.00164755,1.82062e-05,0.180578,0.000954117,-0.363771,2.02772e-05,-2.23598e-05,-0.00034038,0.000219745,-0.000646443,0.000237085,-2.07585e-05,5.42101e-14,0.00118624,0.000419823,0.00735356,5.111e-05,-0.0025269,-0.000150257,-5.90456e-07,-1.38049e-05,9.1697e-06,-2.62195e-05,9.57223e-06,-8.47194e-07,0,-0.00021937,0.000358106,-0.00597029,0.353927,0.000916033,-0.00123665,-0.000206972,-7.26633e-05,-0.000110518,-0.000136954,7.8269e-05,-1.07846e-06,-2.74439e-13,0.00324979,0.00609294,-0.000448843,0.00240445,-0.000161383,-0.000914077,-6.55538e-06,-2.07338e-07,-5.03438e-06,-3.57142e-07,1.03811e-06,9.54373e-08,0,0.00139105,0.000210704,-9.56275,-0.0235243,0.00578561,-0.000194651,-0.000110783,0.000269705,-0.00027437,0.000513388,-0.000170481,1.85054e-05,0,-0.0228358,0.0231749,-0.0897796,-1.52649e-05,0.00126436,-0.00018751,-9.3702e-08,2.27033e-07,1.31548e-08,4.32213e-07,-1.43525e-07,1.55423e-08,0,0.00967124,-0.00172607,-0.344994,-8.84593,-0.0177453,0.0104418,0.00105991,0.00212108,-0.000653567,0.00402596,-0.00160427,0.00011374,0,-0.0981787,-0.0909917,-0.00232372,-0.0592853,0.00393882,0.0224495,8.88253e-06,1.03902e-05,3.50717e-06,1.96998e-05,-8.36243e-06,4.96099e-07,0,0.00371982,0.000582912,3.12713,-0.00179409,-8.99567,0.00121492,-0.00030741,0.000719811,-0.000741348,0.0013701,-0.000453333,4.96033e-05,0,-0.0324572,0.0308517,0.158324,0.00105772,-0.0618662,-0.00377142,-1.72115e-06,1.78274e-06,1.60498e-06,3.40188e-06,-9.92827e-07,1.38079e-07,0,-5.03011e-05,-7.89417e-05,-0.0134528,-0.0104276,0.00843507,-2.72641e-05,4.49117e-05,-4.26143e-06,3.79497e-05,-8.35961e-06,-3.20027e-06,-1.00453e-06,-2.58853e-12,0.000387986,0.000455154,0.000276896,-0.000183258,0.000124834,0.00127729,1.90801e-06,6.70767e-08,1.41608e-06,1.16544e-07,-3.06704e-07,-2.73324e-08,0,0,0,0,0,0,0,3.14716e-23,-3.85421e-14,-9.97042e-14,-6.57192e-15,7.41584e-16,-3.05428e-16,6.37801e-19,0,0,0,0,0,0,1,-4.48416e-37,0,-6.72623e-38,5.32493e-38,0,0,0,0,0,0,0,0,9.91554e-23,-9.35675e-14,-1.11664e-13,1.54562e-14,-1.42111e-14,-2.77536e-15,-6.78743e-17,0,0,0,0,0,0,5.38099e-37,1,0,0,-1.12104e-37,0,0,0,0,0,0,0,0,-1.16034e-22,5.21476e-14,3.21076e-13,5.31619e-15,5.67989e-15,1.34136e-15,-3.72748e-17,0,0,0,0,0,0,-8.96831e-37,7.17465e-37,1,2.60642e-37,1.79366e-37,2.24208e-38,0,0,0,0,0,0,0,6.1614e-23,3.17841e-13,1.19516e-13,7.52165e-14,-9.5846e-14,1.00837e-15,5.86574e-17,0,0,0,0,0,0,-2.86986e-36,2.15239e-36,0,1,2.24208e-37,-2.24208e-37,0,0,0,0,0,0,0,2.33077e-22,8.07688e-14,3.51603e-14,4.11573e-14,-2.69509e-13,3.3029e-15,6.35506e-16,0,0,0,0,0,0,-8.60958e-36,3.22859e-36,0,2.69049e-37,1,-8.07148e-37,0,0,0,0,0,0,0,-1.54175e-21,9.39614e-14,2.84163e-13,-1.25141e-13,1.30706e-13,9.82812e-14,7.7927e-15,0,0,0,0,0,0,1.79366e-37,-4.30479e-36,0,0,4.03574e-37,1,0,0,0,0,0,0,0,6.38046e-22,-9.88657e-14,-1.84594e-13,-3.76464e-14,6.84741e-14,-3.78031e-14,-1.20431e-13,0,0,0,0,0,0,1.43493e-36,-7.51096e-37,0,-3.90121e-36,-2.69049e-37,2.69049e-37,1,
-0.00177799,1.49402e-06,-0.00595149,0.000270816,-0.356466,8.57252e-05,-1.37184e-05,-0.000365992,0.000244277,-0.000695038,0.000253473,-2.25065e-05,-3.38813e-14,0.000773342,-1.45893e-07,1.69884e-05,1.47273e-06,-0.00210916,3.92483e-07,-5.53477e-07,-1.47644e-05,9.75501e-06,-2.80384e-05,1.02253e-05,-9.07942e-07,0,0.000136201,0.00028908,0.0014844,0.3559,0.000151342,3.33034e-05,-0.000164811,5.74756e-06,-0.000132359,1.18593e-05,1.85561e-05,3.07681e-06,1.01644e-14,4.99307e-07,0.000679406,1.58833e-06,0.00210722,1.44868e-06,2.18779e-08,-6.70286e-06,2.33644e-07,-5.3417e-06,4.82117e-07,7.54759e-07,1.25127e-07,0,2.46988e-07,5.08274e-09,-8.85951,-0.000289217,-0.00837744,5.23707e-07,-1.12757e-09,5.04305e-08,-3.58977e-08,9.59643e-08,-3.45301e-08,3.0478e-09,1.0842e-13,-3.86772e-06,5.10061e-07,-0.0523308,-6.10726e-07,-1.77631e-05,1.02154e-09,-3.57787e-11,-3.76652e-10,8.38305e-10,-1.12768e-09,4.27284e-10,4.66207e-11,0,-4.63689e-05,-9.90044e-05,-0.0495818,-8.85338,0.00380753,-0.00578199,5.64463e-05,-1.91087e-06,4.52924e-05,-3.95357e-06,-6.39429e-06,-1.05003e-06,-5.42101e-14,4.39567e-06,0.00347203,-0.000112897,-0.0520223,8.7029e-06,-2.78238e-05,4.14169e-06,-1.37406e-07,3.72914e-06,-2.84805e-07,-4.71288e-07,-7.68781e-08,0,-0.000150137,8.11443e-08,-0.365535,0.000923742,-8.85023,0.000774826,-1.13264e-06,-3.09038e-05,2.06451e-05,-5.86845e-05,2.13979e-05,-1.90126e-06,-4.33681e-13,-0.000849732,-1.55414e-06,-0.000842325,2.13734e-06,-0.0519665,3.70131e-06,-8.44828e-08,-2.2698e-06,1.70158e-06,-4.31071e-06,1.57201e-06,-1.39705e-07,0,-1.80359e-06,-6.52142e-06,-0.000763302,-0.00124001,0.000535093,3.26962e-06,3.72719e-06,1.31468e-07,2.81116e-06,2.28372e-07,-5.99382e-07,-5.33435e-08,8.85348e-14,-5.50393e-07,-1.77609e-05,-4.51845e-06,-7.06373e-06,3.12806e-06,0.000644041,1.37489e-07,4.85933e-09,1.00001e-07,8.44289e-09,-2.21169e-08,-1.96716e-09,0,0,0,0,0,0,0,-1.88565e-22,-1.86771e-15,-1.72371e-15,-4.34104e-16,2.99075e-16,3.26978e-15,-5.87747e-18,0,0,0,0,0,0,1,-7.17465e-37,0,-4.03574e-37,-2.8026e-37,-1.12104e-38,0,0,0,0,0,0,0,-4.63593e-22,-4.52316e-15,-1.92276e-15,1.01644e-15,-5.77782e-15,2.97404e-14,6.11001e-16,0,0,0,0,0,0,7.17465e-37,1,0,-1.43493e-36,-3.58732e-37,2.24208e-38,0,0,0,0,0,0,0,6.5548e-22,2.52204e-15,5.52265e-15,3.53636e-16,2.31425e-15,-1.4364e-14,3.36257e-16,0,0,0,0,0,0,-2.15239e-36,-7.17465e-37,1,9.08041e-37,1.43493e-36,8.96831e-38,0,0,0,0,0,0,0,-1.60369e-22,1.53144e-14,2.03288e-15,4.98902e-15,-3.89423e-14,-1.07962e-14,-5.28556e-16,0,0,0,0,0,0,-1.72192e-35,-2.86986e-36,0,1,0,-1.79366e-37,0,0,0,0,0,0,0,-9.30509e-22,3.82435e-15,5.73865e-16,2.79521e-15,-1.09487e-13,-3.54047e-14,-5.72674e-15,0,0,0,0,0,0,-6.1702e-35,2.86986e-35,0,-7.71275e-36,1,3.58732e-37,0,0,0,0,0,0,0,4.66027e-21,4.58245e-15,4.89585e-15,-8.30092e-15,5.31259e-14,-1.05337e-12,-7.02042e-14,0,0,0,0,0,0,3.58732e-37,1.14794e-35,0,-5.73972e-36,7.17465e-37,1,0,0,0,0,0,0,0,-1.17283e-21,-4.7815e-15,-3.21873e-15,-2.53263e-15,2.7825e-14,4.05288e-13,1.08516e-12,0,0,0,0,0,0,3.30034e-35,-6.79349e-36,0,2.17033e-35,-1.79366e-36,-8.96831e-37,1,
-0.00178605,1.50186e-06,0.00231749,0.000255874,-0.358321,8.15136e-05,-1.37813e-05,-0.000367666,0.000245384,-0.000698193,0.000254623,-2.26128e-05,-1.35525e-14,0.000776327,-7.30084e-08,2.0022e-05,1.50243e-06,-0.0021115,3.74217e-07,-5.5577e-07,-1.48261e-05,9.79431e-06,-2.81546e-05,1.02676e-05,-9.11861e-07,0,0.000136786,0.000290337,-2.72348e-05,0.358382,0.000260091,2.07761e-06,-0.000165528,5.77048e-06,-0.000132934,1.1908e-05,1.86379e-05,3.08992e-06,1.43996e-14,5.77068e-07,0.000678785,-1.01888e-06,0.00211299,1.5671e-06,3.47455e-09,-6.73041e-06,2.34586e-07,-5.3632e-06,4.84091e-07,7.57858e-07,1.25631e-07,0,7.75884e-09,3.63221e-10,-8.91685,-3.25212e-05,-0.000943408,1.33397e-08,-1.74828e-11,1.39961e-09,-1.16094e-09,3.08252e-09,-1.18128e-09,2.71972e-10,2.71051e-14,-2.75073e-07,3.41007e-08,-0.0524623,-5.93089e-08,-1.7529e-06,-7.20994e-11,3.18484e-12,-7.7927e-12,-5.68664e-11,-1.55217e-10,-4.39102e-11,-1.02051e-11,0,-4.56565e-05,-9.78223e-05,-0.00535465,-8.91228,0.000193067,-0.00127677,5.57739e-05,-1.85568e-06,4.47294e-05,-3.84403e-06,-6.34074e-06,-1.03573e-06,-1.89735e-13,2.41525e-06,0.0035878,-1.01043e-05,-0.0521481,4.3364e-07,-6.03996e-06,4.1532e-06,-1.38239e-07,3.74463e-06,-2.86088e-07,-4.72322e-07,-7.7041e-08,0,-0.000148395,1.05963e-07,-0.0407036,4.67456e-05,-8.9074,0.000180424,-1.13433e-06,-3.05467e-05,2.03952e-05,-5.80068e-05,2.11528e-05,-1.87914e-06,-2.1684e-13,-0.000877136,5.25627e-07,-7.97517e-05,1.0603e-07,-0.0520878,8.68144e-07,-8.46436e-08,-2.27636e-06,1.70884e-06,-4.3227e-06,1.5762e-06,-1.40062e-07,0,-1.82791e-07,-6.36048e-07,-0.000182774,-0.00059387,0.00022221,3.1088e-07,3.63471e-07,1.14089e-08,2.75126e-07,1.95842e-08,-5.74789e-08,-5.28948e-09,2.6081e-14,-2.18472e-08,-1.18374e-06,-1.06999e-06,-3.47284e-06,1.30337e-06,0.000645158,1.38138e-08,4.4851e-10,1.01686e-08,7.72943e-10,-2.19488e-09,-2.00093e-10,0,0,0,0,0,0,0,3.17192e-21,-2.28699e-16,-1.19008e-15,-6.44804e-16,1.55609e-16,-2.54669e-15,4.34715e-17,0,0,0,0,0,0,1,2.29589e-35,0,-2.72637e-35,5.56035e-36,2.33176e-36,0,0,0,0,0,0,0,1.13081e-20,-5.42101e-16,-1.3129e-15,1.51831e-15,-3.05249e-15,-2.31613e-14,-4.53111e-15,0,0,0,0,0,0,-6.88766e-35,1,0,-3.67342e-34,1.14794e-35,-1.0762e-36,0,0,0,0,0,0,0,-1.20949e-20,3.09167e-16,3.81165e-15,5.23043e-16,1.22608e-15,1.11873e-14,-2.49302e-15,0,0,0,0,0,0,4.36219e-34,-3.44383e-35,1,1.86541e-35,-4.59177e-35,1.29144e-35,0,0,0,0,0,0,0,8.31814e-21,1.86347e-15,1.38066e-15,7.40307e-15,-2.05363e-14,8.40852e-15,3.91921e-15,0,0,0,0,0,0,9.18355e-35,-5.51013e-34,0,1,-5.73972e-35,-1.43493e-35,0,0,0,0,0,0,0,2.81911e-20,4.78574e-16,3.49401e-16,4.05729e-15,-5.77676e-14,2.75712e-14,4.24631e-14,0,0,0,0,0,0,1.23978e-33,-1.2857e-33,0,5.22314e-34,1,1.20534e-34,0,0,0,0,0,0,0,-2.01633e-19,5.67512e-16,3.37119e-15,-1.2282e-14,2.80537e-14,8.20318e-13,5.20572e-13,0,0,0,0,0,0,-5.73972e-35,1.10203e-33,0,-2.93874e-33,6.31369e-35,1,0,0,0,0,0,0,0,9.10934e-20,-5.92923e-16,-2.18535e-15,-3.73118e-15,1.46664e-14,-3.15621e-13,-8.04643e-12,0,0,0,0,0,0,-5.73972e-34,-9.00418e-35,0,9.18355e-35,6.88766e-35,-5.16575e-35,1,
-0.00178674,1.50253e-06,0.00259969,0.000258401,-0.358486,8.05165e-05,-1.37866e-05,-0.00036781,0.000245479,-0.000698463,0.000254721,-2.26225e-05,2.71051e-14,0.000776566,-7.056e-08,1.66383e-05,1.52238e-06,-0.00211144,3.69093e-07,-5.55964e-07,-1.48314e-05,9.79769e-06,-2.81646e-05,1.02713e-05,-9.12221e-07,0,0.000136836,0.000290443,-0.00014496,0.358674,0.000259089,-5.80867e-06,-0.000165588,5.77258e-06,-0.000132982,1.19126e-05,1.86446e-05,3.091e-06,-3.38813e-15,5.80456e-07,0.000678739,-1.04018e-06,0.00211367,1.53564e-06,-2.88066e-08,-6.73273e-06,2.34663e-07,-5.36503e-06,4.84283e-07,7.58121e-07,1.2567e-07,0,-1.10761e-09,-9.28382e-11,-8.92338,-5.9162e-06,-0.000166254,8.41283e-10,1.65341e-12,-2.44881e-10,2.99142e-10,-7.28384e-10,2.59226e-10,9.2618e-11,-6.77626e-15,-3.17845e-08,3.58244e-09,-0.0524754,-8.07434e-09,-2.61466e-07,2.03942e-10,6.74238e-13,1.3374e-10,1.53753e-11,1.09735e-10,-1.42237e-10,-1.65341e-12,0,-4.5621e-05,-9.77609e-05,-0.000967497,-8.91882,1.58293e-05,-0.000249407,5.57389e-05,-1.8531e-06,4.47004e-05,-3.83864e-06,-6.33782e-06,-1.03482e-06,1.01644e-13,2.31892e-06,0.00359672,-1.1687e-06,-0.0521606,3.40327e-08,-1.13039e-06,4.15487e-06,-1.38154e-07,3.74668e-06,-2.86516e-07,-4.72684e-07,-7.69906e-08,0,-0.000148303,1.07159e-07,-0.00718053,3.34876e-06,-8.91391,4.78144e-05,-1.13413e-06,-3.05277e-05,2.03821e-05,-5.79715e-05,2.11402e-05,-1.87783e-06,9.48677e-14,-0.000879309,6.29814e-07,-1.09742e-05,6.75877e-09,-0.0521002,2.38818e-07,-8.45496e-08,-2.27705e-06,1.70965e-06,-4.32419e-06,1.57696e-06,-1.40081e-07,0,-3.1141e-08,-1.06261e-07,-4.15754e-05,-0.000455125,0.000149596,5.09896e-08,6.07181e-08,1.78207e-09,4.60467e-08,3.03615e-09,-9.51676e-09,-8.91206e-10,-2.40794e-14,9.49145e-09,-2.31801e-09,-2.42917e-07,-2.6819e-06,8.8123e-07,0.000645246,2.4261e-09,8.22934e-11,1.80932e-09,1.42508e-10,-3.8781e-10,-3.49936e-11,0,0,0,0,0,0,0,4.79443e-21,-2.4564e-16,-6.52215e-16,-6.03511e-17,7.59021e-17,-3.86459e-16,-2.28228e-18,0,0,0,0,0,0,1,3.04923e-35,0,-5.11194e-36,1.36767e-36,-2.24208e-37,0,0,0,0,0,0,0,9.31351e-21,-5.88688e-16,-7.19978e-16,1.67289e-16,-1.53472e-15,-3.51466e-15,2.36388e-16,0,0,0,0,0,0,-1.0762e-36,1,0,-6.0267e-35,1.36318e-35,-6.27782e-37,0,0,0,0,0,0,0,-1.59132e-20,3.17637e-16,2.0837e-15,4.02341e-17,6.20452e-16,1.69777e-15,1.30136e-16,0,0,0,0,0,0,-7.17465e-37,-4.73527e-35,1,5.20162e-36,-6.45718e-35,2.86986e-36,0,0,0,0,0,0,0,1.13887e-22,1.94818e-15,7.45389e-16,7.45389e-16,-1.02915e-14,1.27624e-15,-2.04525e-16,0,0,0,0,0,0,5.02225e-36,2.26719e-34,0,1,-2.65462e-35,-1.25556e-36,0,0,0,0,0,0,0,1.4819e-20,2.83756e-16,1.94818e-16,3.55754e-16,-2.89516e-14,4.18223e-15,-2.21595e-15,0,0,0,0,0,0,3.04923e-36,7.03116e-35,0,2.83399e-35,1,1.21969e-35,0,0,0,0,0,0,0,-3.15688e-20,6.35275e-16,1.84653e-15,-1.28749e-15,1.40862e-14,1.24463e-13,-2.71643e-14,0,0,0,0,0,0,-3.58732e-37,-5.79712e-34,0,-4.36219e-34,2.36763e-35,1,0,0,0,0,0,0,0,-2.05256e-20,-5.75982e-16,-1.2282e-15,-4.15046e-16,7.34801e-15,-4.78701e-14,4.199e-13,0,0,0,0,0,0,-2.69049e-36,2.30934e-35,0,-1.43493e-35,4.66352e-35,-7.17465e-36,1,
-0.00178672,1.50253e-06,0.00258304,0.00025923,-0.35851,8.02883e-05,-1.37865e-05,-0.000367807,0.000245476,-0.000698455,0.000254718,-2.26225e-05,1.35525e-14,0.000776599,-7.0713e-08,1.56742e-05,1.52747e-06,-0.00211139,3.6787e-07,-5.55964e-07,-1.48313e-05,9.79754e-06,-2.81642e-05,1.02711e-05,-9.12224e-07,0,0.000136834,0.000290435,-0.000160932,0.358727,0.000257745,-7.56757e-06,-0.000165584,5.77273e-06,-0.000132979,1.19129e-05,1.86438e-05,3.09094e-06,-9.31736e-15,5.80492e-07,0.000678733,-1.01822e-06,0.0021138,1.52598e-06,-3.73448e-08,-6.73251e-06,2.34671e-07,-5.36487e-06,4.84279e-07,7.58079e-07,1.25668e-07,0,-1.00385e-09,-4.1026e-11,-8.92452,-1.3953e-06,-3.71898e-05,-9.19251e-11,8.19928e-12,-1.71074e-10,7.96897e-11,-3.18019e-10,6.2079e-11,-2.14943e-11,1.10114e-14,-5.93049e-09,4.37427e-10,-0.0524775,-4.64659e-10,-3.21737e-08,6.61956e-11,3.09167e-13,-8.12643e-12,4.61209e-12,-1.5388e-11,5.49724e-12,-5.3109e-13,0,-4.56158e-05,-9.77492e-05,-0.000243496,-8.91996,3.83829e-06,-1.91679e-05,5.57322e-05,-1.85306e-06,4.46957e-05,-3.83849e-06,-6.33678e-06,-1.03483e-06,-4.15046e-14,2.31352e-06,0.00359788,1.69007e-07,-0.0521626,9.10571e-09,-2.99144e-08,4.15447e-06,-1.38222e-07,3.74654e-06,-2.86179e-07,-4.72404e-07,-7.70351e-08,0,-0.000148288,1.07337e-07,-0.00166068,4.08706e-07,-8.91506,1.81371e-05,-1.13423e-06,-3.05247e-05,2.03802e-05,-5.79655e-05,2.1138e-05,-1.87775e-06,-1.18585e-13,-0.000879592,6.35615e-07,-6.87873e-07,5.80323e-10,-0.0521022,9.77752e-08,-8.47371e-08,-2.27704e-06,1.70975e-06,-4.32436e-06,1.57696e-06,-1.40206e-07,0,-7.79605e-09,-2.68953e-08,-9.36633e-06,-0.000424282,0.000133193,1.30274e-08,1.53694e-08,4.69389e-10,1.16433e-08,8.02828e-10,-2.4215e-09,-2.24466e-10,-2.53188e-14,1.23114e-08,1.34208e-07,-5.47107e-08,-2.50502e-06,7.85928e-07,0.000645258,6.88211e-10,3.06622e-11,5.23116e-10,5.44127e-11,-1.15258e-10,-9.45857e-12,0,0,0,0,0,0,0,-3.28284e-22,-1.67289e-16,5.37866e-16,1.40819e-16,-9.66147e-17,1.68612e-16,9.81695e-19,0,0,0,0,0,0,1,-2.29589e-35,0,6.00877e-36,-3.41917e-37,6.67018e-37,0,0,0,0,0,0,0,-2.47591e-21,-3.89635e-16,6.18334e-16,-3.3246e-16,1.75124e-15,1.53419e-15,-1.03704e-16,0,0,0,0,0,0,4.87876e-35,1,0,8.68132e-35,3.31827e-36,3.3407e-36,0,0,0,0,0,0,0,1.64926e-21,2.18111e-16,-1.77877e-15,-1.11173e-16,-6.91126e-16,-7.40624e-16,-5.69927e-17,0,0,0,0,0,0,5.27337e-35,3.77566e-35,1,-1.59188e-36,-1.57842e-35,-1.46183e-35,0,0,0,0,0,0,0,-2.95199e-21,1.30443e-15,-6.86097e-16,-1.57548e-15,1.18881e-14,-5.5838e-16,8.96498e-17,0,0,0,0,0,0,-2.61157e-34,-1.81519e-34,0,1,-6.63655e-36,1.66811e-35,0,0,0,0,0,0,0,-7.58225e-21,1.86347e-16,-2.39287e-16,-7.96211e-16,3.3407e-14,-1.8325e-15,9.71309e-16,0,0,0,0,0,0,-7.53338e-35,-1.00445e-34,0,-2.34073e-35,1,-5.20162e-35,0,0,0,0,0,0,0,6.67223e-20,4.27752e-16,-1.5416e-15,2.64274e-15,-1.61444e-14,-5.43372e-14,1.19088e-14,0,0,0,0,0,0,-1.52461e-35,4.50568e-34,0,6.74417e-34,7.17465e-36,1,0,0,0,0,0,0,0,-3.59828e-20,-3.81165e-16,9.82558e-16,7.53859e-16,-8.49998e-15,2.09217e-14,-1.8406e-13,0,0,0,0,0,0,5.34511e-35,-5.43704e-37,0,-2.48422e-35,1.18382e-35,2.69946e-35,1,
-0.00178659,1.50242e-06,0.00257521,0.000259429,-0.358514,8.02323e-05,-1.37855e-05,-0.000367781,0.000245458,-0.000698404,0.0002547,-2.2621e-05,2.71051e-14,0.000776606,-7.07807e-08,1.54468e-05,1.52864e-06,-0.00211138,3.67575e-07,-5.55917e-07,-1.48302e-05,9.79681e-06,-2.81621e-05,1.02704e-05,-9.12158e-07,0,0.000136824,0.000290409,-0.000163989,0.358738,0.000257388,-7.9614e-06,-0.000165569,5.77258e-06,-0.000132967,1.19125e-05,1.86419e-05,3.09069e-06,-1.86347e-14,5.80389e-07,0.000678732,-1.01189e-06,0.00211382,1.5237e-06,-3.93146e-08,-6.73192e-06,2.34666e-07,-5.36439e-06,4.84263e-07,7.58001e-07,1.25655e-07,0,-2.55312e-10,-3.35768e-11,-8.92476,-4.52773e-07,-1.04733e-05,4.68517e-11,1.22898e-11,-6.67849e-11,1.74465e-11,7.41048e-12,4.51405e-12,-1.22309e-11,1.12232e-14,-1.23596e-09,2.62966e-10,-0.0524779,1.2027e-09,1.37554e-08,-1.21854e-10,2.3844e-13,-4.53459e-12,2.59467e-12,-8.69077e-12,3.18124e-12,-2.37593e-13,0,-4.56116e-05,-9.77392e-05,-9.39411e-05,-8.9202,2.51987e-06,3.25353e-05,5.57267e-05,-1.85299e-06,4.46908e-05,-3.83846e-06,-6.33652e-06,-1.03479e-06,2.2457e-13,2.31391e-06,0.00359809,4.35502e-07,-0.0521631,6.0212e-09,2.16963e-07,4.15449e-06,-1.38263e-07,3.74617e-06,-2.86169e-07,-4.72371e-07,-7.69409e-08,0,-0.000148275,1.07337e-07,-0.000521293,8.47666e-08,-8.9153,1.14774e-05,-1.13406e-06,-3.05221e-05,2.03785e-05,-5.79607e-05,2.11361e-05,-1.87753e-06,-1.10961e-13,-0.000879645,6.36093e-07,1.36427e-06,-8.16624e-11,-0.0521026,6.62224e-08,-8.46078e-08,-2.277e-06,1.70954e-06,-4.324e-06,1.5768e-06,-1.40129e-07,0,-3.08859e-09,-1.10585e-08,-2.10263e-06,-0.000417358,0.000129499,5.52941e-09,6.31998e-09,2.16857e-10,4.77111e-09,3.75379e-10,-1.01202e-09,-9.08982e-11,-5.05407e-14,1.27322e-08,1.5841e-07,-1.22859e-08,-2.46525e-06,7.6447e-07,0.00064526,3.38972e-10,2.07962e-11,2.63741e-10,3.74105e-11,-6.04058e-11,-4.28486e-12,0,0,0,0,0,0,0,2.51485e-22,-1.60936e-16,1.86347e-16,-1.4929e-16,5.68769e-17,-4.21531e-16,3.43571e-19,0,0,0,0,0,0,1,6.78004e-34,0,-6.88766e-35,-4.17026e-36,1.94612e-35,0,0,0,0,0,0,0,4.07769e-22,-3.854e-16,2.20229e-16,3.7693e-16,-1.14138e-15,-3.83282e-15,-3.72314e-17,0,0,0,0,0,0,-6.38544e-35,1,0,-9.70012e-34,-1.79366e-35,1.00804e-34,0,0,0,0,0,0,0,-8.10136e-22,2.18111e-16,-6.09864e-16,1.12232e-16,4.62427e-16,1.85143e-15,-2.04169e-17,0,0,0,0,0,0,-5.88321e-35,-1.10274e-33,1,1.96406e-35,8.32259e-35,-4.44469e-34,0,0,0,0,0,0,0,-1.23396e-22,1.27055e-15,-2.4564e-16,1.76183e-15,-7.66988e-15,1.39072e-15,3.22125e-17,0,0,0,0,0,0,3.04205e-34,5.46421e-33,0,1,3.58732e-35,4.94333e-34,0,0,0,0,0,0,0,4.88684e-22,2.49875e-16,-4.44692e-17,9.06325e-16,-2.15824e-14,4.5581e-15,3.48706e-16,0,0,0,0,0,0,5.30924e-35,2.99326e-33,0,3.87431e-34,1,-1.6186e-33,0,0,0,0,0,0,0,1.18036e-21,4.27752e-16,-5.2516e-16,-2.9985e-15,1.04947e-14,1.35746e-13,4.27381e-15,0,0,0,0,0,0,3.30034e-35,-1.34654e-32,0,-7.66826e-33,-2.58287e-35,1,0,0,0,0,0,0,0,-2.71958e-21,-4.10811e-16,2.87991e-16,-9.23266e-16,5.45489e-15,-5.22196e-14,-6.60389e-14,0,0,0,0,0,0,-5.73972e-35,3.96175e-35,0,2.51113e-34,-6.0267e-35,8.28672e-34,1,
-0.00178755,1.50362e-06,0.00257482,0.000259474,-0.360555,8.02867e-05,-1.37931e-05,-0.000367978,0.00024559,-0.000698779,0.000254836,-2.26332e-05,0,0.000771102,-8.30573e-08,1.54256e-05,1.79532e-06,-0.00247979,3.66773e-07,-5.56317e-07,-1.48408e-05,9.80469e-06,-2.81821e-05,1.02777e-05,-9.12813e-07,0,0.000137153,0.00029111,-0.000165092,0.358741,-0.00113461,-8.40052e-06,-0.000165968,5.7864e-06,-0.000133288,1.1941e-05,1.8687e-05,3.09815e-06,0,5.70121e-07,0.000656254,-1.01829e-06,0.00248218,1.79104e-06,-4.16433e-08,-6.75275e-06,2.35365e-07,-5.383e-06,4.85726e-07,7.6034e-07,1.26041e-07,0,-6.4116e-10,-2.72659e-11,-8.92482,-2.44479e-07,-4.56987e-06,1.83506e-10,1.02467e-11,-1.4864e-10,1.11573e-10,-1.96019e-10,1.00627e-10,-9.28544e-12,0,-2.70816e-10,-1.16171e-10,-0.052478,3.05061e-09,4.77804e-08,-7.53129e-11,2.23034e-13,-3.02465e-12,1.56262e-12,-5.78216e-12,2.08074e-12,-2.01276e-13,0,-5.44077e-05,-0.000116585,-4.91195e-05,-8.92026,0.0346812,5.26817e-05,6.64719e-05,-2.21093e-06,5.33082e-05,-4.5787e-06,-7.55798e-06,-1.23444e-06,-3.44107e-16,2.68067e-06,0.00417851,6.99842e-07,-0.0616713,4.9882e-09,3.2092e-07,4.70957e-06,-1.56328e-07,4.24012e-06,-3.24091e-07,-5.35122e-07,-8.72034e-08,0,-0.000176901,1.27952e-07,-0.000223884,2.91001e-08,-8.96608,1.19107e-05,-1.35317e-06,-3.64144e-05,2.43124e-05,-6.915e-05,2.52165e-05,-2.24003e-06,-6.35275e-16,-0.00102181,7.39363e-07,2.63148e-06,-2.64142e-10,-0.0616118,7.00363e-08,-9.57403e-08,-2.58217e-06,1.93495e-06,-4.90304e-06,1.78787e-06,-1.58982e-07,0,-2.11206e-09,-8.66098e-09,-5.45961e-07,-0.000415779,0.000131014,4.38439e-09,4.95209e-09,2.33018e-10,3.6944e-09,4.14061e-10,-8.36234e-10,-6.70728e-11,0,1.48616e-08,1.90189e-07,-3.21421e-09,-2.89411e-06,8.95409e-07,0.000645261,2.93093e-10,2.22171e-11,2.30264e-10,4.0535e-11,-5.52357e-11,-3.25885e-12,0,0,0,0,0,0,0,1.14887e-21,2.64698e-16,8.17387e-16,-6.24687e-17,-1.20371e-16,1.62955e-16,-2.92602e-18,0,0,0,0,0,0,1,-6.9325e-34,0,9.31023e-36,-1.04677e-35,-3.78351e-38,0,0,0,0,0,0,0,7.3538e-22,6.52215e-16,9.40207e-16,1.56701e-16,2.20705e-15,1.48337e-15,3.03956e-16,0,0,0,0,0,0,-3.4797e-34,1,0,1.37215e-34,-1.50443e-34,-2.21405e-37,0,0,0,0,0,0,0,-3.35758e-21,-3.64224e-16,-2.67662e-15,5.0822e-17,-8.74032e-16,-7.15875e-16,1.67306e-16,0,0,0,0,0,0,-3.74517e-34,1.12929e-33,1,-1.66474e-36,6.80605e-34,9.75304e-37,0,0,0,0,0,0,0,-2.36946e-21,-2.20229e-15,-1.02491e-15,7.45389e-16,1.49586e-14,-5.38131e-16,-2.62897e-16,0,0,0,0,0,0,1.78505e-33,-5.63784e-33,0,1,2.773e-34,-9.75304e-37,0,0,0,0,0,0,0,-1.79538e-21,-5.46336e-16,-3.62107e-16,4.23516e-16,4.20298e-14,-1.76633e-15,-2.84888e-15,0,0,0,0,0,0,4.26174e-34,-3.1425e-33,0,-3.92588e-35,1,3.81153e-36,0,0,0,0,0,0,0,4.49903e-20,-6.3951e-16,-2.35475e-15,-1.30443e-15,-2.03542e-14,-5.25499e-14,-3.49269e-14,0,0,0,0,0,0,1.6143e-34,1.38413e-32,0,1.08624e-33,-2.22235e-34,1,0,0,0,0,0,0,0,-3.53537e-20,6.64921e-16,1.53313e-15,-3.89635e-16,-1.06896e-14,2.02314e-14,5.39886e-13,0,0,0,0,0,0,-3.38643e-34,-3.19496e-35,0,-3.6927e-35,-4.64738e-34,-1.8385e-36,1,
-0.00179582,1.5136e-06,0.00264115,0.000259483,-0.358516,8.08209e-05,-1.38586e-05,-0.000369681,0.000246725,-0.000702012,0.000256016,-2.2738e-05,2.71051e-14,0.00081391,1.28733e-08,1.56625e-05,-3.92129e-10,4.47739e-07,-6.966e-12,-5.57251e-07,-1.48648e-05,9.81144e-06,-2.82278e-05,1.02944e-05,-9.1429e-07,0,0.000139737,0.00029663,-0.000182461,0.358741,0.00025729,-1.11801e-05,-0.000169116,5.89269e-06,-0.000135814,1.21609e-05,1.90437e-05,3.15668e-06,-4.23516e-15,6.75157e-07,0.000831706,-1.08194e-06,-5.42006e-07,-2.45158e-10,-1.30916e-10,-6.7983e-06,2.36927e-07,-5.39911e-06,4.88945e-07,7.6551e-07,1.26899e-07,0,-1.56698e-11,-3.46186e-12,-8.92483,-2.05822e-07,-3.48729e-06,-1.07617e-11,7.56771e-13,-3.59369e-11,2.56193e-11,-6.8326e-11,2.45652e-11,-2.26671e-12,-1.92568e-14,-1.36118e-09,3.10524e-10,-0.052478,9.48161e-13,-3.13579e-10,-2.4961e-14,4.15576e-14,-1.43164e-12,9.49458e-13,-2.67997e-12,9.79911e-13,-5.81541e-14,0,-0.00011979,-0.000256674,0.000392789,-8.92027,2.25264e-06,0.000122956,0.000146344,-4.86754e-06,0.000117364,-1.00834e-05,-1.66387e-05,-2.71723e-06,3.6793e-15,-7.38732e-07,-0.000229063,2.33399e-06,0.000580604,-6.80399e-11,-6.98983e-11,5.88049e-06,-1.95628e-07,4.66335e-06,-4.05248e-07,-6.68563e-07,-1.09188e-07,0,-0.000389674,2.81863e-07,0.00153071,1.93526e-08,-8.91536,2.55835e-05,-2.98047e-06,-8.02133e-05,5.3555e-05,-0.000152323,5.55466e-05,-4.93412e-06,-3.66342e-14,5.35139e-05,-3.87061e-08,9.09745e-06,-1.49925e-13,0.000578557,2.94378e-11,-1.19802e-07,-3.22424e-06,2.1288e-06,-6.12274e-06,2.23274e-06,-1.98331e-07,0,-2.07387e-09,-1.51027e-08,-5.1613e-07,-0.000415351,0.000128471,7.41351e-09,8.64687e-09,7.37261e-10,6.22066e-09,1.35076e-09,-1.68763e-09,-9.69439e-11,1.94732e-13,-7.52475e-10,-1.39574e-08,-3.06743e-09,-1.63543e-11,2.54808e-11,0.000645261,3.46779e-10,2.96435e-11,2.4648e-10,5.42396e-11,-6.76824e-11,-3.83618e-12,0,0,0,0,0,0,0,2.80621e-22,1.54584e-16,3.72694e-16,1.96935e-16,-4.76456e-18,5.88225e-16,-5.34372e-18,0,0,0,0,0,0,1,1.0635e-32,0,-3.07613e-34,1.90745e-34,1.4592e-34,0,0,0,0,0,0,0,2.00725e-21,3.854e-16,4.31987e-16,-4.65868e-16,5.29396e-18,5.35034e-15,5.54848e-16,0,0,0,0,0,0,-1.12843e-32,1,0,-4.4985e-33,2.74341e-33,7.43159e-34,0,0,0,0,0,0,0,-1.37661e-21,-2.11758e-16,-1.21973e-15,-1.55642e-16,5.02926e-18,-2.58398e-15,3.05387e-16,0,0,0,0,0,0,-1.21237e-32,-1.7344e-32,1,6.34732e-35,-1.24071e-32,-3.28061e-33,0,0,0,0,0,0,0,2.34846e-21,-1.35525e-15,-5.0822e-16,-2.21923e-15,9.74088e-17,-1.94209e-15,-4.79945e-16,0,0,0,0,0,0,5.82237e-32,8.66353e-32,0,1,-5.05382e-33,3.64508e-33,0,0,0,0,0,0,0,6.09125e-21,-4.10811e-16,-2.49875e-16,-1.14349e-15,2.37169e-16,-6.36995e-15,-5.20032e-15,0,0,0,0,0,0,1.45961e-32,4.87359e-32,0,1.26668e-33,1,-1.18981e-32,0,0,0,0,0,0,0,-5.31977e-20,-3.43048e-16,-1.06726e-15,3.69306e-15,-9.31736e-17,-1.89515e-13,-6.37525e-14,0,0,0,0,0,0,5.38457e-33,-2.12645e-31,0,-3.54026e-32,4.05081e-33,1,0,0,0,0,0,0,0,2.85357e-20,4.02341e-16,7.11508e-16,1.07573e-15,-7.19978e-17,7.29126e-14,9.85447e-13,0,0,0,0,0,0,-1.14823e-32,5.43704e-34,0,1.25054e-33,8.46824e-33,6.11083e-33,1,
-0.00179566,1.51346e-06,0.00264022,0.000259483,-0.358516,8.08148e-05,-1.38574e-05,-0.000369648,0.000246703,-0.00070195,0.000255993,-2.2736e-05,1.35525e-14,0.000813911,1.28724e-08,1.56571e-05,-3.92183e-10,4.4774e-07,-6.9931e-12,-5.57202e-07,-1.48635e-05,9.81057e-06,-2.82253e-05,1.02934e-05,-9.14212e-07,0,0.000139725,0.000296599,-0.000182399,0.358742,0.000257291,-1.11788e-05,-0.000169098,5.89246e-06,-0.0001358,1.21603e-05,1.90415e-05,3.15638e-06,-8.47033e-15,6.75095e-07,0.000831706,-1.08158e-06,-5.42007e-07,-2.45147e-10,-1.30879e-10,-6.79759e-06,2.36918e-07,-5.39856e-06,4.88922e-07,7.65419e-07,1.26886e-07,0,-1.75888e-10,-3.47308e-12,-8.92483,-2.05481e-07,-3.48274e-06,-1.07911e-11,7.29448e-13,-3.59243e-11,2.56389e-11,-6.82611e-11,2.46099e-11,-2.23573e-12,-7.09225e-15,-1.36121e-09,4.74068e-10,-0.052478,9.08939e-13,-4.77173e-10,-1.24904e-15,4.73528e-14,-1.41688e-12,9.78121e-13,-2.6994e-12,9.99281e-13,-9.67024e-14,0,-0.000119779,-0.000256647,0.00039272,-8.92027,2.25287e-06,0.000122941,0.000146328,-4.86735e-06,0.000117352,-1.00829e-05,-1.66367e-05,-2.71697e-06,5.98746e-14,-7.38678e-07,-0.000229063,2.33359e-06,0.000580604,-6.80731e-11,-7.00513e-11,5.87987e-06,-1.95621e-07,4.66287e-06,-4.0523e-07,-6.68483e-07,-1.09177e-07,0,-0.000389639,2.81838e-07,0.00153045,1.94445e-08,-8.91536,2.55824e-05,-2.9802e-06,-8.02063e-05,5.35502e-05,-0.000152309,5.55417e-05,-4.93369e-06,4.89162e-14,5.35141e-05,-3.87059e-08,9.09591e-06,-1.53525e-13,0.000578557,2.94361e-11,-1.19792e-07,-3.22396e-06,2.12861e-06,-6.12219e-06,2.23254e-06,-1.98314e-07,0,-2.0732e-09,-1.50972e-08,-5.16069e-07,-0.00041518,0.000128425,7.41112e-09,8.64367e-09,7.37116e-10,6.21831e-09,1.35017e-09,-1.68696e-09,-9.6842e-11,-9.4144e-14,-7.5201e-10,-1.3951e-08,-3.06696e-09,-1.63362e-11,2.5605e-11,0.000645261,3.46543e-10,2.95523e-11,2.46312e-10,5.40289e-11,-6.76209e-11,-3.86686e-12,0,0,0,0,0,0,0,-1.10472e-21,1.82112e-16,2.37169e-16,2.75286e-17,-4.18884e-17,3.38813e-17,-1.51372e-17,0,0,0,0,0,0,1,3.9875e-31,0,-7.86478e-32,-6.71691e-33,5.16575e-35,0,0,0,0,0,0,0,-3.00149e-21,4.44692e-16,2.79521e-16,-4.02341e-17,7.11508e-16,3.09432e-16,1.57395e-15,0,0,0,0,0,0,-3.06501e-31,1,0,-1.14525e-30,-9.62694e-32,2.65103e-34,0,0,0,0,0,0,0,3.92718e-21,-2.60463e-16,-7.7927e-16,-3.07049e-17,-2.77139e-16,-1.49025e-16,8.66159e-16,0,0,0,0,0,0,-3.28794e-31,-6.50178e-31,1,1.72202e-32,4.35455e-31,-1.17521e-33,0,0,0,0,0,0,0,-1.39652e-21,-1.57548e-15,-3.30343e-16,-2.71051e-16,4.86197e-15,-1.12232e-16,-1.36149e-15,0,0,0,0,0,0,1.58145e-30,3.24932e-30,0,1,1.77397e-31,1.3065e-33,0,0,0,0,0,0,0,-6.4712e-21,-6.05629e-16,-1.48231e-16,-2.03288e-16,1.36542e-14,-3.71106e-16,-1.47514e-14,0,0,0,0,0,0,3.99048e-31,1.82792e-30,0,3.2488e-31,1,-4.27609e-33,0,0,0,0,0,0,0,3.73209e-20,-4.06576e-16,-6.60686e-16,3.72694e-16,-6.59839e-15,-1.0986e-14,-1.80841e-13,0,0,0,0,0,0,1.46501e-31,-7.97408e-30,0,-9.02073e-30,-1.42202e-31,1,0,0,0,0,0,0,0,-1.26708e-20,5.1669e-16,4.23516e-16,9.31736e-17,-3.47707e-15,4.22669e-15,2.79527e-12,0,0,0,0,0,0,-3.13331e-31,1.94524e-32,0,3.16442e-31,-2.9732e-31,2.18683e-33,1,
